Series Name,Series Code,Country Name,Country Code,2012 [YR2012],2013 [YR2013],2014 [YR2014]
GDP per capita (current US$),NY.GDP.PCAP.CD,Afghanistan,AFG,641.872033785411,637.16504385598,613.856332882312
GDP per capita (current US$),NY.GDP.PCAP.CD,Albania,ALB,4247.61434236292,4413.08288688408,4578.66793446159
GDP per capita (current US$),NY.GDP.PCAP.CD,Algeria,DZA,5592.22190972612,5499.58776363606,5493.05677189389
GDP per capita (current US$),NY.GDP.PCAP.CD,American Samoa,ASM,11568.7930012395,11505.3937142139,11525.1563872309
GDP per capita (current US$),NY.GDP.PCAP.CD,Andorra,AND,38392.9439012206,40626.7516320228,42300.3341276669
GDP per capita (current US$),NY.GDP.PCAP.CD,Angola,AGO,5100.09580809767,5254.88233799616,5408.41049555432
GDP per capita (current US$),NY.GDP.PCAP.CD,Antigua and Barbuda,ATG,13399.2379486965,13035.0936407801,13780.7823704952
GDP per capita (current US$),NY.GDP.PCAP.CD,Argentina,ARG,13082.664325572,13080.2547323367,12334.7982453893
GDP per capita (current US$),NY.GDP.PCAP.CD,Armenia,ARM,3681.8574560431,3838.18580148382,3986.23162376713
GDP per capita (current US$),NY.GDP.PCAP.CD,Aruba,ABW,24713.6980451285,25025.0995629083,25533.5697803984
GDP per capita (current US$),NY.GDP.PCAP.CD,Australia,AUS,68012.1479005934,68150.1070413215,62510.7911705641
GDP per capita (current US$),NY.GDP.PCAP.CD,Austria,AUT,48567.69528642,50716.7087062864,51717.4959405515
GDP per capita (current US$),NY.GDP.PCAP.CD,Azerbaijan,AZE,7496.29464768263,7875.75695254288,7891.31314749986
GDP per capita (current US$),NY.GDP.PCAP.CD,"Bahamas, The",BHS,29485.6209294138,28944.7882168381,29563.746347465
GDP per capita (current US$),NY.GDP.PCAP.CD,Bahrain,BHR,23654.3513912828,24744.3576319157,24989.4001204704
GDP per capita (current US$),NY.GDP.PCAP.CD,Bangladesh,BGD,883.105000541313,981.839879150399,1118.8536634927
GDP per capita (current US$),NY.GDP.PCAP.CD,Barbados,BRB,16412.9362002115,16224.2873624673,16179.5839550601
GDP per capita (current US$),NY.GDP.PCAP.CD,Belarus,BLR,6940.15925359735,7978.87261471076,8318.51268992675
GDP per capita (current US$),NY.GDP.PCAP.CD,Belgium,BEL,44826.4396116648,46680.3898229483,47355.3120057387
GDP per capita (current US$),NY.GDP.PCAP.CD,Belize,BLZ,4626.70961538462,4652.50900308057,4790.94126203427
GDP per capita (current US$),NY.GDP.PCAP.CD,Benin,BEN,837.942920903364,915.315621163215,943.674649189169
GDP per capita (current US$),NY.GDP.PCAP.CD,Bermuda,BMU,85458.455507886,85748.0654143782,..
GDP per capita (current US$),NY.GDP.PCAP.CD,Bhutan,BTN,2599.39609371453,2532.0156424178,2749.35266478192
GDP per capita (current US$),NY.GDP.PCAP.CD,Bolivia,BOL,2609.88081915425,2908.20008548078,3081.87883446506
GDP per capita (current US$),NY.GDP.PCAP.CD,Bosnia and Herzegovina,BIH,4778.63608845506,5131.39450642932,5329.63504488766
GDP per capita (current US$),NY.GDP.PCAP.CD,Botswana,BWA,7877.79035044357,7224.96517150786,7780.63838460394
GDP per capita (current US$),NY.GDP.PCAP.CD,Brazil,BRA,12370.0242007149,12300.3225752233,12112.5903019529
GDP per capita (current US$),NY.GDP.PCAP.CD,British Virgin Islands,VGB,..,..,..
GDP per capita (current US$),NY.GDP.PCAP.CD,Brunei Darussalam,BRN,47741.9064650052,44740.085018517,41726.7839720342
GDP per capita (current US$),NY.GDP.PCAP.CD,Bulgaria,BGR,7378.02473005713,7646.83986554542,7864.76067225524
GDP per capita (current US$),NY.GDP.PCAP.CD,Burkina Faso,BFA,673.821598361542,699.779405632453,703.820055595173
GDP per capita (current US$),NY.GDP.PCAP.CD,Burundi,BDI,252.358979858344,256.976002796754,274.857947913846
GDP per capita (current US$),NY.GDP.PCAP.CD,Cabo Verde,CPV,3467.47268444877,3615.97904131099,3588.6740539538
GDP per capita (current US$),NY.GDP.PCAP.CD,Cambodia,KHM,950.880345993697,1013.4204006154,1093.49619050796
GDP per capita (current US$),NY.GDP.PCAP.CD,Cameroon,CMR,1354.62308705136,1465.2223269067,1540.56818173347
GDP per capita (current US$),NY.GDP.PCAP.CD,Canada,CAN,52542.3466648232,52504.655704109,50835.5111782446
GDP per capita (current US$),NY.GDP.PCAP.CD,Cayman Islands,CYM,..,..,..
GDP per capita (current US$),NY.GDP.PCAP.CD,Central African Republic,CAF,565.833058388175,382.340300200927,426.684562137769
GDP per capita (current US$),NY.GDP.PCAP.CD,Chad,TCD,967.408125988873,979.533959184118,1018.93095594774
GDP per capita (current US$),NY.GDP.PCAP.CD,Channel Islands,CHI,..,..,..
GDP per capita (current US$),NY.GDP.PCAP.CD,Chile,CHL,15351.5513257697,15842.9400901334,14670.9971754461
GDP per capita (current US$),NY.GDP.PCAP.CD,China,CHN,6316.91886335683,7050.64591988963,7651.36604428568
GDP per capita (current US$),NY.GDP.PCAP.CD,Colombia,COL,8042.52976902978,8212.66782924683,8114.08426438361
GDP per capita (current US$),NY.GDP.PCAP.CD,Comoros,COM,1403.42851892157,1504.92085930273,1511.81608327254
GDP per capita (current US$),NY.GDP.PCAP.CD,"Congo, Dem. Rep.",COD,424.600386118337,457.96372825642,486.787081921829
GDP per capita (current US$),NY.GDP.PCAP.CD,"Congo, Rep.",COG,3032.66732937043,3047.06458933719,2992.93134863351
GDP per capita (current US$),NY.GDP.PCAP.CD,Costa Rica,CRI,9913.21070795469,10490.0806476351,10547.1518483721
GDP per capita (current US$),NY.GDP.PCAP.CD,Cote d'Ivoire,CIV,1243.3445093295,1415.46927734066,1559.3866522099
GDP per capita (current US$),NY.GDP.PCAP.CD,Croatia,HRV,13250.7571179806,13665.9141789877,13609.4973131526
GDP per capita (current US$),NY.GDP.PCAP.CD,Cuba,CUB,6497.32111313561,6837.71289192677,7133.34209494342
GDP per capita (current US$),NY.GDP.PCAP.CD,Curacao,CUW,20587.397358013,20462.7179539813,20258.0096948833
GDP per capita (current US$),NY.GDP.PCAP.CD,Cyprus,CYP,28984.9445491789,27942.3012696028,27407.1528617811
GDP per capita (current US$),NY.GDP.PCAP.CD,Czech Republic,CZE,19729.8705111763,19916.0193873722,19744.5586092159
GDP per capita (current US$),NY.GDP.PCAP.CD,Denmark,DNK,58507.5080517852,61191.1937042028,62548.9847332908
GDP per capita (current US$),NY.GDP.PCAP.CD,Djibouti,DJI,1559.24065068226,1499.76702162161,1619.05147986187
GDP per capita (current US$),NY.GDP.PCAP.CD,Dominica,DMA,6848.41806733105,7068.53574468351,7364.99652216048
GDP per capita (current US$),NY.GDP.PCAP.CD,Dominican Republic,DOM,6107.97743134333,6236.10436946074,6499.14988306617
GDP per capita (current US$),NY.GDP.PCAP.CD,Ecuador,ECU,5682.04500655353,6056.3308269681,6377.09153014217
GDP per capita (current US$),NY.GDP.PCAP.CD,"Egypt, Arab Rep.",EGY,3232.64889178794,3264.37878715277,3378.83135785555
GDP per capita (current US$),NY.GDP.PCAP.CD,El Salvador,SLV,3428.41038595699,3509.53149262616,3589.04060409892
GDP per capita (current US$),NY.GDP.PCAP.CD,Equatorial Guinea,GNQ,21712.3950163809,20384.9245274473,19368.2309101895
GDP per capita (current US$),NY.GDP.PCAP.CD,Eritrea,ERI,..,..,..
GDP per capita (current US$),NY.GDP.PCAP.CD,Estonia,EST,17421.8902227378,19072.2385175669,20247.1993011108
GDP per capita (current US$),NY.GDP.PCAP.CD,Ethiopia,ETH,467.077927241718,499.531572059907,566.926466461984
GDP per capita (current US$),NY.GDP.PCAP.CD,Faroe Islands,FRO,49459.7172338372,54853.6255967876,59440.0307606004
GDP per capita (current US$),NY.GDP.PCAP.CD,Fiji,FJI,4591.55578402956,4840.69371615802,5605.5703563549
GDP per capita (current US$),NY.GDP.PCAP.CD,Finland,FIN,47415.5598711351,49638.0771298139,49914.6186421589
GDP per capita (current US$),NY.GDP.PCAP.CD,France,FRA,40874.7035053457,42592.9340943342,43008.6473817107
GDP per capita (current US$),NY.GDP.PCAP.CD,French Polynesia,PYF,..,..,..
GDP per capita (current US$),NY.GDP.PCAP.CD,Gabon,GAB,9814.03899241886,9680.82433880273,9650.57437612745
GDP per capita (current US$),NY.GDP.PCAP.CD,"Gambia, The",GMB,477.701260376468,696.152124772487,622.054102978064
GDP per capita (current US$),NY.GDP.PCAP.CD,Georgia,GEO,4249.67016528326,4341.4351223077,4438.68749712122
GDP per capita (current US$),NY.GDP.PCAP.CD,Germany,DEU,44065.2489082767,46530.9114275776,48142.8272014491
GDP per capita (current US$),NY.GDP.PCAP.CD,Ghana,GHA,1613.28683693408,2378.1595122723,1968.85826344557
GDP per capita (current US$),NY.GDP.PCAP.CD,Gibraltar,GIB,..,..,..
GDP per capita (current US$),NY.GDP.PCAP.CD,Greece,GRC,22242.681934771,21874.8195041667,21760.9797994918
GDP per capita (current US$),NY.GDP.PCAP.CD,Greenland,GRL,45936.7659516989,47535.5899453685,50484.9275739023
GDP per capita (current US$),NY.GDP.PCAP.CD,Grenada,GRD,7444.5047675973,7789.77638079977,8369.88675513221
GDP per capita (current US$),NY.GDP.PCAP.CD,Guam,GUM,32494.5623640591,33265.3811866066,34394.0974809957
GDP per capita (current US$),NY.GDP.PCAP.CD,Guatemala,GTM,3299.66560477367,3452.92167895051,3687.83695118893
GDP per capita (current US$),NY.GDP.PCAP.CD,Guinea,GIN,717.050737885779,769.003943268519,787.238070220189
GDP per capita (current US$),NY.GDP.PCAP.CD,Guinea-Bissau,GNB,616.411686249548,634.48244599306,622.481716725217
GDP per capita (current US$),NY.GDP.PCAP.CD,Guyana,GUY,3788.14674878178,3934.86526171904,4031.60066245674
GDP per capita (current US$),NY.GDP.PCAP.CD,Haiti,HTI,769.707383397324,812.688690037387,831.959819311853
GDP per capita (current US$),NY.GDP.PCAP.CD,Honduras,HND,2129.52169798827,2088.09794403724,2190.65071512549
GDP per capita (current US$),NY.GDP.PCAP.CD,"Hong Kong SAR, China",HKG,36730.8767001128,38403.7777145477,40315.2855640552
GDP per capita (current US$),NY.GDP.PCAP.CD,Hungary,HUN,12888.3045908829,13668.226050329,14197.8369994803
GDP per capita (current US$),NY.GDP.PCAP.CD,Iceland,ISL,45910.0209039774,49522.2369665887,54242.0546770039
GDP per capita (current US$),NY.GDP.PCAP.CD,India,IND,1443.87952939042,1449.6059123387,1573.88149211052
GDP per capita (current US$),NY.GDP.PCAP.CD,Indonesia,IDN,3694.34894603237,3623.91158235135,3491.62479085767
GDP per capita (current US$),NY.GDP.PCAP.CD,"Iran, Islamic Rep.",IRN,7927.64754158673,6111.44060803083,5608.6025115113
GDP per capita (current US$),NY.GDP.PCAP.CD,Iraq,IRQ,6836.0273134631,7076.87717988865,6818.8046210291
GDP per capita (current US$),NY.GDP.PCAP.CD,Ireland,IRL,48917.8975571766,51590.1884453629,55492.982676213
GDP per capita (current US$),NY.GDP.PCAP.CD,Isle of Man,IMN,76104.681367227,80431.6727965138,88974.2286497928
GDP per capita (current US$),NY.GDP.PCAP.CD,Israel,ISR,32543.4551534637,36344.315513024,37733.5929188595
GDP per capita (current US$),NY.GDP.PCAP.CD,Italy,ITA,34814.1251168487,35370.2752583755,35396.6657242265
GDP per capita (current US$),NY.GDP.PCAP.CD,Jamaica,JAM,5206.90672221284,4964.8327939275,4817.92592529038
GDP per capita (current US$),NY.GDP.PCAP.CD,Japan,JPN,48603.4766497749,40454.4474578903,38109.4121125573
GDP per capita (current US$),NY.GDP.PCAP.CD,Jordan,JOR,3827.29445062868,3952.34031137257,4047.55314185272
GDP per capita (current US$),NY.GDP.PCAP.CD,Kazakhstan,KAZ,12386.7000029472,13890.6317716835,12807.2606866152
GDP per capita (current US$),NY.GDP.PCAP.CD,Kenya,KEN,1136.87140571776,1210.38801408195,1315.80453537488
GDP per capita (current US$),NY.GDP.PCAP.CD,Kiribati,KIR,1788.50542068887,1715.76533141614,1642.76259749601
GDP per capita (current US$),NY.GDP.PCAP.CD,"Korea, Dem. People’s Rep.",PRK,..,..,..
GDP per capita (current US$),NY.GDP.PCAP.CD,"Korea, Rep.",KOR,24358.7821758226,25890.0186698906,27811.36638377
GDP per capita (current US$),NY.GDP.PCAP.CD,Kosovo,XKX,3600.67347519389,3876.95830210742,4054.72133937609
GDP per capita (current US$),NY.GDP.PCAP.CD,Kuwait,KWT,51978.9984836395,49388.1094012499,44062.3050995611
GDP per capita (current US$),NY.GDP.PCAP.CD,Kyrgyz Republic,KGZ,1177.97473487848,1282.43716202467,1279.76978265986
GDP per capita (current US$),NY.GDP.PCAP.CD,Lao PDR,LAO,1581.39540349425,1825.66511330676,1998.33521471699
GDP per capita (current US$),NY.GDP.PCAP.CD,Latvia,LVA,13822.8055940347,15032.2820131489,15716.3690672011
GDP per capita (current US$),NY.GDP.PCAP.CD,Lebanon,LBN,7985.85494092208,7923.851717266,7712.06284840621
GDP per capita (current US$),NY.GDP.PCAP.CD,Lesotho,LSO,1329.27497081723,1245.24791858887,1279.494446004
GDP per capita (current US$),NY.GDP.PCAP.CD,Liberia,LBR,657.936256349955,721.930055405248,721.182794835652
GDP per capita (current US$),NY.GDP.PCAP.CD,Libya,LBY,13025.2813934413,10363.7894894551,6466.91027014384
GDP per capita (current US$),NY.GDP.PCAP.CD,Liechtenstein,LIE,149010.224898665,173058.317372602,178845.631017897
GDP per capita (current US$),NY.GDP.PCAP.CD,Lithuania,LTU,14341.1816279932,15693.7867282599,16545.1226673996
GDP per capita (current US$),NY.GDP.PCAP.CD,Luxembourg,LUX,106749.013622989,113625.13289956,118823.648368575
GDP per capita (current US$),NY.GDP.PCAP.CD,"Macao SAR, China",MAC,76291.8474900231,89287.4540184115,93777.1067959425
GDP per capita (current US$),NY.GDP.PCAP.CD,North Macedonia,MKD,4698.14129350594,5210.67583028154,5468.48086914212
GDP per capita (current US$),NY.GDP.PCAP.CD,Madagascar,MDG,443.904749321728,461.720920533436,452.461543061501
GDP per capita (current US$),NY.GDP.PCAP.CD,Malawi,MWI,391.561832360636,348.430269640572,371.269749625713
GDP per capita (current US$),NY.GDP.PCAP.CD,Malaysia,MYS,10817.4428742856,10970.1232849014,11319.0797572756
GDP per capita (current US$),NY.GDP.PCAP.CD,Maldives,MDV,7265.61365556669,7928.45736514824,8499.36576172668
GDP per capita (current US$),NY.GDP.PCAP.CD,Mali,MLI,778.669462492053,805.259668494187,847.150266858533
GDP per capita (current US$),NY.GDP.PCAP.CD,Malta,MLT,21931.7476232751,23830.9370579095,25961.3278775346
GDP per capita (current US$),NY.GDP.PCAP.CD,Marshall Islands,MHL,3265.52003808382,3351.02743334855,3202.59710732961
GDP per capita (current US$),NY.GDP.PCAP.CD,Mauritania,MRT,1411.35283025415,1477.36153924563,1366.80896155962
GDP per capita (current US$),NY.GDP.PCAP.CD,Mauritius,MUS,9291.22761861899,9637.00265000958,10153.9382184867
GDP per capita (current US$),NY.GDP.PCAP.CD,Mexico,MEX,10241.7279153745,10725.1833166036,10922.3760488647
GDP per capita (current US$),NY.GDP.PCAP.CD,"Micronesia, Fed. Sts.",FSM,3120.66962662431,2983.59798349791,2959.62064665041
GDP per capita (current US$),NY.GDP.PCAP.CD,Moldova,MDA,2446.7253157714,2668.68303171369,2674.11633164002
GDP per capita (current US$),NY.GDP.PCAP.CD,Monaco,MCO,157515.899069445,177593.351895053,189170.895671097
GDP per capita (current US$),NY.GDP.PCAP.CD,Mongolia,MNG,4351.8869200565,4366.07590145025,4158.52571473091
GDP per capita (current US$),NY.GDP.PCAP.CD,Montenegro,MNE,6586.7212793222,7186.43192406181,7378.34528902948
GDP per capita (current US$),NY.GDP.PCAP.CD,Morocco,MAR,2912.65827494029,3121.68117550498,3171.69919227376
GDP per capita (current US$),NY.GDP.PCAP.CD,Mozambique,MOZ,613.984066002961,626.69775579491,645.248880313608
GDP per capita (current US$),NY.GDP.PCAP.CD,Myanmar,MMR,1165.79432896131,1162.33144011893,1251.82076450814
GDP per capita (current US$),NY.GDP.PCAP.CD,Namibia,NAM,5930.54847260768,5694.08263428425,5624.13534097711
GDP per capita (current US$),NY.GDP.PCAP.CD,Nauru,NRU,10101.9001734944,10038.9491043601,9872.0325921232
GDP per capita (current US$),NY.GDP.PCAP.CD,Nepal,NPL,698.466479416086,715.923743046061,743.413381296219
GDP per capita (current US$),NY.GDP.PCAP.CD,Netherlands,NLD,50073.0056559308,52184.0618504931,52830.1742328055
GDP per capita (current US$),NY.GDP.PCAP.CD,New Caledonia,NCL,..,..,..
GDP per capita (current US$),NY.GDP.PCAP.CD,New Zealand,NZL,39970.4400394577,42949.1422285498,44533.7830906379
GDP per capita (current US$),NY.GDP.PCAP.CD,Nicaragua,NIC,1760.46056961056,1811.63803574901,1934.06401099469
GDP per capita (current US$),NY.GDP.PCAP.CD,Niger,NER,390.119909653729,414.388613126623,427.737226040128
GDP per capita (current US$),NY.GDP.PCAP.CD,Nigeria,NGA,2746.99178858383,2998.07284264118,3222.69353725587
GDP per capita (current US$),NY.GDP.PCAP.CD,Northern Mariana Islands,MNP,13827.7696967465,14274.2406542056,15278.9078745141
GDP per capita (current US$),NY.GDP.PCAP.CD,Norway,NOR,101668.170658652,103059.24822759,97199.9190963458
GDP per capita (current US$),NY.GDP.PCAP.CD,Oman,OMN,21923.5480214797,20926.5540495711,20131.9813016555
GDP per capita (current US$),NY.GDP.PCAP.CD,Pakistan,PAK,1198.10900052752,1208.90431029644,1251.16410422834
GDP per capita (current US$),NY.GDP.PCAP.CD,Palau,PLW,12168.2823129252,12799.3695331137,13938.2219448542
GDP per capita (current US$),NY.GDP.PCAP.CD,Panama,PAN,10722.2836326295,11889.1276274385,12796.0700430496
GDP per capita (current US$),NY.GDP.PCAP.CD,Papua New Guinea,PNG,2790.69958745011,2729.87555089863,2920.77482513456
GDP per capita (current US$),NY.GDP.PCAP.CD,Paraguay,PRY,5183.08287691315,5926.83286284344,6102.94323272326
GDP per capita (current US$),NY.GDP.PCAP.CD,Peru,PER,6528.97221785312,6756.75276926556,6679.34194841806
GDP per capita (current US$),NY.GDP.PCAP.CD,Philippines,PHL,2572.62942497398,2749.38663574006,2831.31666726863
GDP per capita (current US$),NY.GDP.PCAP.CD,Poland,POL,13145.5392627865,13781.0626053813,14347.9145754456
GDP per capita (current US$),NY.GDP.PCAP.CD,Portugal,PRT,20577.4026375899,21618.7353389663,22077.5361325219
GDP per capita (current US$),NY.GDP.PCAP.CD,Puerto Rico,PRI,27944.7338937424,28513.1657351067,28981.4573305866
GDP per capita (current US$),NY.GDP.PCAP.CD,Qatar,QAT,85076.1479273998,85050.9109716822,83858.5283798723
GDP per capita (current US$),NY.GDP.PCAP.CD,Romania,ROU,8535.0468756267,9555.2442173314,10026.9735781794
GDP per capita (current US$),NY.GDP.PCAP.CD,Russian Federation,RUS,15434.5747807082,16007.089993444,14100.7291028658
GDP per capita (current US$),NY.GDP.PCAP.CD,Rwanda,RWA,695.274082936241,704.980159418804,723.281840989822
GDP per capita (current US$),NY.GDP.PCAP.CD,Samoa,WSM,4237.01462989779,4219.90973818392,4188.73367854175
GDP per capita (current US$),NY.GDP.PCAP.CD,San Marino,SMR,56068.4345458956,57302.6880026149,54282.8097987205
GDP per capita (current US$),NY.GDP.PCAP.CD,Sao Tome and Principe,STP,1340.52650698418,1577.02232910998,1782.7977562404
GDP per capita (current US$),NY.GDP.PCAP.CD,Saudi Arabia,SAU,25243.3586984024,24844.7443709487,24463.9031638501
GDP per capita (current US$),NY.GDP.PCAP.CD,Senegal,SEN,1330.0574481376,1375.67875390488,1394.79474326494
GDP per capita (current US$),NY.GDP.PCAP.CD,Serbia,SRB,6015.94522756969,6755.07351070594,6600.0566499116
GDP per capita (current US$),NY.GDP.PCAP.CD,Seychelles,SYC,12006.68296237,14765.6739800428,14700.3343408386
GDP per capita (current US$),NY.GDP.PCAP.CD,Sierra Leone,SLE,566.378656937493,716.835304734774,714.700712388696
GDP per capita (current US$),NY.GDP.PCAP.CD,Singapore,SGP,55546.4885386921,56967.4257940383,57562.5307937678
GDP per capita (current US$),NY.GDP.PCAP.CD,Sint Maarten (Dutch part),SXM,..,..,..
GDP per capita (current US$),NY.GDP.PCAP.CD,Slovak Republic,SVK,17274.6423040509,18191.612786163,18629.7796630086
GDP per capita (current US$),NY.GDP.PCAP.CD,Slovenia,SVN,22532.4356384588,23357.939198652,24194.974352808
GDP per capita (current US$),NY.GDP.PCAP.CD,Solomon Islands,SLB,1913.23202227315,1977.45141074327,1996.78117583183
GDP per capita (current US$),NY.GDP.PCAP.CD,Somalia,SOM,..,257.828751500965,248.844950530346
GDP per capita (current US$),NY.GDP.PCAP.CD,South Africa,ZAF,7501.40727965322,6829.02046524471,6428.2935785179
GDP per capita (current US$),NY.GDP.PCAP.CD,South Sudan,SSD,1025.22992539902,1280.30719725591,1258.37812681629
GDP per capita (current US$),NY.GDP.PCAP.CD,Spain,ESP,28563.8590381915,29211.7737455935,29623.1644451343
GDP per capita (current US$),NY.GDP.PCAP.CD,Sri Lanka,LKA,3350.52187589289,3610.28936304898,3819.25352972265
GDP per capita (current US$),NY.GDP.PCAP.CD,St. Kitts and Nevis,KNA,16044.1161268912,16878.1904573943,18057.615305661
GDP per capita (current US$),NY.GDP.PCAP.CD,St. Lucia,LCA,8139.89204607164,8343.79537356784,8650.81828137645
GDP per capita (current US$),NY.GDP.PCAP.CD,St. Martin (French part),MAF,..,..,..
GDP per capita (current US$),NY.GDP.PCAP.CD,St. Vincent and the Grenadines,VCT,6390.31438871896,6639.62179139933,6684.8036221569
GDP per capita (current US$),NY.GDP.PCAP.CD,Sudan,SDN,1882.24677012331,1943.91645802007,2163.15589835214
GDP per capita (current US$),NY.GDP.PCAP.CD,Suriname,SUR,9201.00878530056,9402.23313695562,9472.00759951427
GDP per capita (current US$),NY.GDP.PCAP.CD,Eswatini,SWZ,4469.45732419562,4196.30973301426,3997.45193588557
GDP per capita (current US$),NY.GDP.PCAP.CD,Sweden,SWE,57197.1993076414,60347.6874885834,59241.6063787415
GDP per capita (current US$),NY.GDP.PCAP.CD,Switzerland,CHE,83538.2300783858,85112.4643984141,86605.5633762421
GDP per capita (current US$),NY.GDP.PCAP.CD,Syrian Arab Republic,SYR,..,..,..
GDP per capita (current US$),NY.GDP.PCAP.CD,Tajikistan,TJK,969.296473144289,1048.22729256115,1104.17168941376
GDP per capita (current US$),NY.GDP.PCAP.CD,Tanzania,TZA,867.867680563228,970.416938425046,1030.09291747653
GDP per capita (current US$),NY.GDP.PCAP.CD,Thailand,THA,5860.58061021939,6168.26489540709,5951.88370233604
GDP per capita (current US$),NY.GDP.PCAP.CD,Timor-Leste,TLS,5879.69978194615,4888.31712299426,3441.65057088198
GDP per capita (current US$),NY.GDP.PCAP.CD,Togo,TGO,571.839428880573,621.222259778549,640.081611119276
GDP per capita (current US$),NY.GDP.PCAP.CD,Tonga,TON,4597.74230534531,4428.56648134984,4393.9408110033
GDP per capita (current US$),NY.GDP.PCAP.CD,Trinidad and Tobago,TTO,19161.9599135545,20026.7875344705,20169.6530123585
GDP per capita (current US$),NY.GDP.PCAP.CD,Tunisia,TUN,4152.67858707583,4222.70324540611,4305.47416504834
GDP per capita (current US$),NY.GDP.PCAP.CD,Turkey,TUR,11707.2597122125,12519.3914259008,12095.8545719465
GDP per capita (current US$),NY.GDP.PCAP.CD,Turkmenistan,TKM,6675.18565772239,7304.28713230982,7962.23909840679
GDP per capita (current US$),NY.GDP.PCAP.CD,Turks and Caicos Islands,TCA,21009.8858098984,21328.9790101063,23296.3369051995
GDP per capita (current US$),NY.GDP.PCAP.CD,Tuvalu,TUV,3507.93691138349,3454.6849532077,3398.81894157592
GDP per capita (current US$),NY.GDP.PCAP.CD,Uganda,UGA,668.832461950198,689.154814165601,739.373926961991
GDP per capita (current US$),NY.GDP.PCAP.CD,Ukraine,UKR,3855.4212801318,4029.71550372131,3104.65829575449
GDP per capita (current US$),NY.GDP.PCAP.CD,United Arab Emirates,ARE,40976.4997112455,42412.6302780364,43751.8388860721
GDP per capita (current US$),NY.GDP.PCAP.CD,United Kingdom,GBR,42018.7254635533,42938.4251760491,46967.6681352092
GDP per capita (current US$),NY.GDP.PCAP.CD,United States,USA,51603.4972614412,53106.9097703155,55032.9579979166
GDP per capita (current US$),NY.GDP.PCAP.CD,Uruguay,URY,15171.5846634188,16973.6742130217,16831.9729440778
GDP per capita (current US$),NY.GDP.PCAP.CD,Uzbekistan,UZB,1740.4682979775,1907.56170445805,2492.33664277468
GDP per capita (current US$),NY.GDP.PCAP.CD,Vanuatu,VUT,3133.09020920348,3124.23307756588,3088.25830265504
GDP per capita (current US$),NY.GDP.PCAP.CD,"Venezuela, RB",VEN,12985.5053251065,12456.7124535391,16054.4905130962
GDP per capita (current US$),NY.GDP.PCAP.CD,Vietnam,VNM,1735.14127643805,1886.67189633671,2030.26195473318
GDP per capita (current US$),NY.GDP.PCAP.CD,Virgin Islands (U.S.),VIR,37849.7287205036,34819.1477546185,33573.0970301435
GDP per capita (current US$),NY.GDP.PCAP.CD,West Bank and Gaza,PSE,2834.02152463393,3060.3123893102,3046.82179844817
GDP per capita (current US$),NY.GDP.PCAP.CD,"Yemen, Rep.",YEM,1446.53628022096,1607.15227488681,1674.00276613816
GDP per capita (current US$),NY.GDP.PCAP.CD,Zambia,ZMB,1763.09418353303,1878.90348886702,1763.05623909703
GDP per capita (current US$),NY.GDP.PCAP.CD,Zimbabwe,ZWE,1304.96980167411,1430.00081795572,1434.89934002278
GDP per capita (current US$),NY.GDP.PCAP.CD,Central Europe and the Baltics,CEB,12998.6652692918,13710.0806155707,14152.3938349267
GDP per capita (current US$),NY.GDP.PCAP.CD,East Asia & Pacific,EAS,9392.89542605871,9433.15053493533,9647.92955526283
GDP per capita (current US$),NY.GDP.PCAP.CD,Europe & Central Asia,ECS,25010.9799544807,26014.0281210664,26249.6050364652
GDP per capita (current US$),NY.GDP.PCAP.CD,European Union,EUU,34284.287442222,35635.223895383,36735.3270835391
GDP per capita (current US$),NY.GDP.PCAP.CD,Latin America & Caribbean,LCN,10177.5629651185,10316.4888179922,10405.4842992802
GDP per capita (current US$),NY.GDP.PCAP.CD,Middle East & North Africa,MEA,8895.13543791559,8667.95171632013,8540.72335084665
GDP per capita (current US$),NY.GDP.PCAP.CD,North America,NAC,51703.2673378574,53052.7900765942,54618.8466196986
GDP per capita (current US$),NY.GDP.PCAP.CD,Pacific island small states,PSS,3591.8513785863,3676.08082026323,3945.60308325754
GDP per capita (current US$),NY.GDP.PCAP.CD,South Asia,SAS,1364.44160182409,1381.88130902405,1494.46118802073
GDP per capita (current US$),NY.GDP.PCAP.CD,Sub-Saharan Africa,SSF,1782.40854267659,1844.5772487023,1885.55817152423
GDP per capita (current US$),NY.GDP.PCAP.CD,World,WLD,10589.2084720485,10764.1917661067,10928.8711624083
GDP per capita growth (annual %),NY.GDP.PCAP.KD.ZG,Afghanistan,AFG,8.97487956759649,1.97416862890181,-0.665270517698119
GDP per capita growth (annual %),NY.GDP.PCAP.KD.ZG,Albania,ALB,1.58515647484656,1.18720468365696,1.98093031564603
GDP per capita growth (annual %),NY.GDP.PCAP.KD.ZG,Algeria,DZA,1.37705295065082,0.729955487626,1.69978972385185
GDP per capita growth (annual %),NY.GDP.PCAP.KD.ZG,American Samoa,ASM,-4.23437728864654,-2.83679849163519,0.803753378222453
GDP per capita growth (annual %),NY.GDP.PCAP.KD.ZG,Andorra,AND,-0.0396675503243245,2.4052918336043,4.2932041332308
GDP per capita growth (annual %),NY.GDP.PCAP.KD.ZG,Angola,AGO,4.70645928027086,1.29208564355179,1.21983278506757
GDP per capita growth (annual %),NY.GDP.PCAP.KD.ZG,Antigua and Barbuda,ATG,2.18313876822411,-1.31223286698466,3.47543473496937
GDP per capita growth (annual %),NY.GDP.PCAP.KD.ZG,Argentina,ARG,-2.14528444981811,1.26568517537076,-3.57858050983292
GDP per capita growth (annual %),NY.GDP.PCAP.KD.ZG,Armenia,ARM,6.91414364480887,2.82388903997261,3.07285853012422
GDP per capita growth (annual %),NY.GDP.PCAP.KD.ZG,Aruba,ABW,-1.86416771739363,3.59319794754416,0.25056693031469
GDP per capita growth (annual %),NY.GDP.PCAP.KD.ZG,Australia,AUS,2.10271949883773,0.864662912249543,1.0501796566666
GDP per capita growth (annual %),NY.GDP.PCAP.KD.ZG,Austria,AUT,0.2224493798455,-0.562299550514851,-0.122368877285936
GDP per capita growth (annual %),NY.GDP.PCAP.KD.ZG,Azerbaijan,AZE,0.85388605157209,4.48247007657503,1.52213919218541
GDP per capita growth (annual %),NY.GDP.PCAP.KD.ZG,"Bahamas, The",BHS,1.95058528713726,-1.38254226586115,-1.08149211857507
GDP per capita growth (annual %),NY.GDP.PCAP.KD.ZG,Bahrain,BHR,1.99330356346299,4.20716660177609,2.70611216370813
GDP per capita growth (annual %),NY.GDP.PCAP.KD.ZG,Bangladesh,BGD,5.29824495849087,4.79440164181352,4.85610832403805
GDP per capita growth (annual %),NY.GDP.PCAP.KD.ZG,Barbados,BRB,0.0291252176018162,-0.200615571715005,-0.167675217020374
GDP per capita growth (annual %),NY.GDP.PCAP.KD.ZG,Belarus,BLR,1.78036177565718,0.987444297302417,1.63497132996299
GDP per capita growth (annual %),NY.GDP.PCAP.KD.ZG,Belgium,BEL,-0.384917339709205,-0.270512826122484,0.806174071391411
GDP per capita growth (annual %),NY.GDP.PCAP.KD.ZG,Belize,BLZ,0.573592984675031,-1.39868416441409,1.4472478992847
GDP per capita growth (annual %),NY.GDP.PCAP.KD.ZG,Benin,BEN,1.92472037239352,4.23970812687595,3.43371285532312
GDP per capita growth (annual %),NY.GDP.PCAP.KD.ZG,Bermuda,BMU,-5.17820382726485,-2.81561491083635,..
GDP per capita growth (annual %),NY.GDP.PCAP.KD.ZG,Bhutan,BTN,3.83091704230809,0.8977823765604,4.44866684556476
GDP per capita growth (annual %),NY.GDP.PCAP.KD.ZG,Bolivia,BOL,3.45369767643476,5.12757347801841,3.84375722818145
GDP per capita growth (annual %),NY.GDP.PCAP.KD.ZG,Bosnia and Herzegovina,BIH,0.724500870935259,4.15290775936752,2.90546899176167
GDP per capita growth (annual %),NY.GDP.PCAP.KD.ZG,Botswana,BWA,3.21936951496281,10.1026077984442,2.84890352119996
GDP per capita growth (annual %),NY.GDP.PCAP.KD.ZG,Brazil,BRA,1.01453521432917,2.10888840464017,-0.352479217688355
GDP per capita growth (annual %),NY.GDP.PCAP.KD.ZG,British Virgin Islands,VGB,..,..,..
GDP per capita growth (annual %),NY.GDP.PCAP.KD.ZG,Brunei Darussalam,BRN,-0.427894473886155,-3.44062744548282,-3.62420517458962
GDP per capita growth (annual %),NY.GDP.PCAP.KD.ZG,Bulgaria,BGR,0.612051095387244,1.05790955605502,2.41800281989239
GDP per capita growth (annual %),NY.GDP.PCAP.KD.ZG,Burkina Faso,BFA,3.30923981741063,2.68483140830034,1.28209364611807
GDP per capita growth (annual %),NY.GDP.PCAP.KD.ZG,Burundi,BDI,1.19805667252835,1.68746987596798,1.02152974753199
GDP per capita growth (annual %),NY.GDP.PCAP.KD.ZG,Cabo Verde,CPV,-0.194322592704921,-0.480116296055641,-0.654704681340107
GDP per capita growth (annual %),NY.GDP.PCAP.KD.ZG,Cambodia,KHM,5.57786320621257,5.59997282280331,5.40178261075788
GDP per capita growth (annual %),NY.GDP.PCAP.KD.ZG,Cameroon,CMR,1.72655349970383,2.57771065589441,3.06183608083622
GDP per capita growth (annual %),NY.GDP.PCAP.KD.ZG,Canada,CAN,0.663303090347526,1.25465501704751,1.83945984412242
GDP per capita growth (annual %),NY.GDP.PCAP.KD.ZG,Cayman Islands,CYM,-0.624585575000069,-0.366635969242907,1.10917780858797
GDP per capita growth (annual %),NY.GDP.PCAP.KD.ZG,Central African Republic,CAF,4.63275672145772,-36.203187362576,-0.246787531343358
GDP per capita growth (annual %),NY.GDP.PCAP.KD.ZG,Chad,TCD,5.27357399354591,2.21669837698148,3.43301682181134
GDP per capita growth (annual %),NY.GDP.PCAP.KD.ZG,Channel Islands,CHI,..,..,..
GDP per capita growth (annual %),NY.GDP.PCAP.KD.ZG,Chile,CHL,4.30921750358573,3.03152589044737,0.692556386595726
GDP per capita growth (annual %),NY.GDP.PCAP.KD.ZG,China,CHN,7.33538000995731,7.23786251543072,6.75762201999564
GDP per capita growth (annual %),NY.GDP.PCAP.KD.ZG,Colombia,COL,2.97005236159309,3.62139702440898,3.67601244808095
GDP per capita growth (annual %),NY.GDP.PCAP.KD.ZG,Comoros,COM,0.73357493936517,2.01472471272537,-0.304632304831813
GDP per capita growth (annual %),NY.GDP.PCAP.KD.ZG,"Congo, Dem. Rep.",COD,3.57179013846354,4.92756252224626,5.8958860348082
GDP per capita growth (annual %),NY.GDP.PCAP.KD.ZG,"Congo, Rep.",COG,1.14515618228064,0.921951607167969,4.20534965928347
GDP per capita growth (annual %),NY.GDP.PCAP.KD.ZG,Costa Rica,CRI,3.56935633876343,1.1021473060064,2.3650208681438
GDP per capita growth (annual %),NY.GDP.PCAP.KD.ZG,Cote d'Ivoire,CIV,8.04235248886403,6.2257068872,6.10311564011174
GDP per capita growth (annual %),NY.GDP.PCAP.KD.ZG,Croatia,HRV,-2.00156211906659,-0.214223005431251,0.320303400949101
GDP per capita growth (annual %),NY.GDP.PCAP.KD.ZG,Cuba,CUB,2.82793408625007,2.51429970385982,0.831466816994265
GDP per capita growth (annual %),NY.GDP.PCAP.KD.ZG,Curacao,CUW,-0.964265220135232,-1.91243217663477,-2.46219479272538
GDP per capita growth (annual %),NY.GDP.PCAP.KD.ZG,Cyprus,CYP,-4.34671215019054,-5.58007036190139,-0.219240256042653
GDP per capita growth (annual %),NY.GDP.PCAP.KD.ZG,Czech Republic,CZE,-0.938553681911159,-0.51667507931613,2.60703704295918
GDP per capita growth (annual %),NY.GDP.PCAP.KD.ZG,Denmark,DNK,-0.149916082946106,0.513424412338082,1.10543346734364
GDP per capita growth (annual %),NY.GDP.PCAP.KD.ZG,Djibouti,DJI,..,..,7.05376451559148
GDP per capita growth (annual %),NY.GDP.PCAP.KD.ZG,Dominica,DMA,-1.12709999050027,-0.679070659332012,4.28756904519231
GDP per capita growth (annual %),NY.GDP.PCAP.KD.ZG,Dominican Republic,DOM,1.49996327805482,3.65078723250343,6.39764087171504
GDP per capita growth (annual %),NY.GDP.PCAP.KD.ZG,Ecuador,ECU,4.07025297076338,3.38728046840993,2.1989412270929
GDP per capita growth (annual %),NY.GDP.PCAP.KD.ZG,"Egypt, Arab Rep.",EGY,-0.0129596348257337,-0.105957427144631,0.616853231315702
GDP per capita growth (annual %),NY.GDP.PCAP.KD.ZG,El Salvador,SLV,2.36361775878106,1.77639839583206,1.24177556577784
GDP per capita growth (annual %),NY.GDP.PCAP.KD.ZG,Equatorial Guinea,GNQ,3.65575583797506,-8.1607311466606,-3.68850197019202
GDP per capita growth (annual %),NY.GDP.PCAP.KD.ZG,Eritrea,ERI,..,..,..
GDP per capita growth (annual %),NY.GDP.PCAP.KD.ZG,Estonia,EST,4.6812900041366,2.29997357176563,3.15874959141362
GDP per capita growth (annual %),NY.GDP.PCAP.KD.ZG,Ethiopia,ETH,5.61658278843269,7.49986434435532,7.21318728241347
GDP per capita growth (annual %),NY.GDP.PCAP.KD.ZG,Faroe Islands,FRO,..,..,..
GDP per capita growth (annual %),NY.GDP.PCAP.KD.ZG,Fiji,FJI,1.22140241877553,4.66900412216984,5.50052569982435
GDP per capita growth (annual %),NY.GDP.PCAP.KD.ZG,Finland,FIN,-1.89409884039037,-1.21421594321562,-1.0418271343821
GDP per capita growth (annual %),NY.GDP.PCAP.KD.ZG,France,FRA,-0.171212884347639,0.0599057323593399,0.472969992379092
GDP per capita growth (annual %),NY.GDP.PCAP.KD.ZG,French Polynesia,PYF,..,..,..
GDP per capita growth (annual %),NY.GDP.PCAP.KD.ZG,Gabon,GAB,1.33821343702425,1.72091797714235,0.619862380246332
GDP per capita growth (annual %),NY.GDP.PCAP.KD.ZG,"Gambia, The",GMB,2.44764050723371,1.65653137340898,-3.89292853188419
GDP per capita growth (annual %),NY.GDP.PCAP.KD.ZG,Georgia,GEO,7.13703316043701,3.69840494477394,4.57449992780032
GDP per capita growth (annual %),NY.GDP.PCAP.KD.ZG,Germany,DEU,0.303518386068347,0.2157220462623,1.75299596239597
GDP per capita growth (annual %),NY.GDP.PCAP.KD.ZG,Ghana,GHA,6.73356359151123,4.84749394231588,0.566072139476688
GDP per capita growth (annual %),NY.GDP.PCAP.KD.ZG,Gibraltar,GIB,..,..,..
GDP per capita growth (annual %),NY.GDP.PCAP.KD.ZG,Greece,GRC,-6.79786084430782,-2.53725852220521,1.41305808475241
GDP per capita growth (annual %),NY.GDP.PCAP.KD.ZG,Greenland,GRL,1.53697694464275,-0.726861643140481,5.05614234310217
GDP per capita growth (annual %),NY.GDP.PCAP.KD.ZG,Grenada,GRD,-1.75311068154448,1.66636351608054,6.62254832205858
GDP per capita growth (annual %),NY.GDP.PCAP.KD.ZG,Guam,GUM,1.83192885531163,1.56421072008787,1.34852801805248
GDP per capita growth (annual %),NY.GDP.PCAP.KD.ZG,Guatemala,GTM,0.79880103212038,1.53635444095252,2.03208571757986
GDP per capita growth (annual %),NY.GDP.PCAP.KD.ZG,Guinea,GIN,3.61444820589143,1.63734918200424,1.30642059478079
GDP per capita growth (annual %),NY.GDP.PCAP.KD.ZG,Guinea-Bissau,GNB,-4.2841088312975,0.544731781281314,-1.67117159925397
GDP per capita growth (annual %),NY.GDP.PCAP.KD.ZG,Guyana,GUY,4.80650617243425,4.46317495232461,3.28985776790169
GDP per capita growth (annual %),NY.GDP.PCAP.KD.ZG,Haiti,HTI,1.37347406968166,2.73335033512578,1.36448212982312
GDP per capita growth (annual %),NY.GDP.PCAP.KD.ZG,Honduras,HND,2.20029190468631,0.947659870598244,1.2505917863932
GDP per capita growth (annual %),NY.GDP.PCAP.KD.ZG,"Hong Kong SAR, China",HKG,0.58372353473672,2.68789802764073,2.04315008404738
GDP per capita growth (annual %),NY.GDP.PCAP.KD.ZG,Hungary,HUN,-1.12207686591421,2.37516359063355,4.50579133459466
GDP per capita growth (annual %),NY.GDP.PCAP.KD.ZG,Iceland,ISL,0.758868483362136,3.15350746043148,0.950932857655289
GDP per capita growth (annual %),NY.GDP.PCAP.KD.ZG,India,IND,4.16552808156267,5.13495690740315,6.18673198340534
GDP per capita growth (annual %),NY.GDP.PCAP.KD.ZG,Indonesia,IDN,4.60628425478382,4.1512712341089,3.63914313049432
GDP per capita growth (annual %),NY.GDP.PCAP.KD.ZG,"Iran, Islamic Rep.",IRN,-8.55329582619099,-1.42345211102175,3.27496229690991
GDP per capita growth (annual %),NY.GDP.PCAP.KD.ZG,Iraq,IRQ,9.77515805866716,3.48825313470289,-2.97222802043903
GDP per capita growth (annual %),NY.GDP.PCAP.KD.ZG,Ireland,IRL,-0.19808689064196,0.81936329869967,7.76603048039073
GDP per capita growth (annual %),NY.GDP.PCAP.KD.ZG,Isle of Man,IMN,3.63095122614843,5.19313256168444,5.61374089689524
GDP per capita growth (annual %),NY.GDP.PCAP.KD.ZG,Israel,ISR,0.24826946647363,2.21920247390426,1.92254976224176
GDP per capita growth (annual %),NY.GDP.PCAP.KD.ZG,Italy,ITA,-3.08060390907744,-2.86080044281483,-0.800672819201736
GDP per capita growth (annual %),NY.GDP.PCAP.KD.ZG,Jamaica,JAM,-1.18151308170474,-0.078981212186676,0.112839128760342
GDP per capita growth (annual %),NY.GDP.PCAP.KD.ZG,Japan,JPN,1.65731759270385,2.1475317532426,0.507999337360147
GDP per capita growth (annual %),NY.GDP.PCAP.KD.ZG,Jordan,JOR,-2.77569991600618,-2.35523716801249,-1.52251020104582
GDP per capita growth (annual %),NY.GDP.PCAP.KD.ZG,Kazakhstan,KAZ,3.33405598314718,4.48511694662113,2.67671489682115
GDP per capita growth (annual %),NY.GDP.PCAP.KD.ZG,Kenya,KEN,1.81574030031956,3.14220543531229,2.69478834788987
GDP per capita growth (annual %),NY.GDP.PCAP.KD.ZG,Kiribati,KIR,3.09689279409933,2.74655205323278,-2.06039502642585
GDP per capita growth (annual %),NY.GDP.PCAP.KD.ZG,"Korea, Dem. People’s Rep.",PRK,..,..,..
GDP per capita growth (annual %),NY.GDP.PCAP.KD.ZG,"Korea, Rep.",KOR,1.75604381551683,2.42886676093485,2.69434312157743
GDP per capita growth (annual %),NY.GDP.PCAP.KD.ZG,Kosovo,XKX,2.08595684031184,2.3595506889686,1.3258322907419
GDP per capita growth (annual %),NY.GDP.PCAP.KD.ZG,Kuwait,KWT,0.869997883805951,-3.94300832473992,-3.98004586076112
GDP per capita growth (annual %),NY.GDP.PCAP.KD.ZG,Kyrgyz Republic,KGZ,-1.84814524183192,8.72062381984753,1.93443578099559
GDP per capita growth (annual %),NY.GDP.PCAP.KD.ZG,Lao PDR,LAO,6.40076119727419,6.42812696029671,6.01633055533834
GDP per capita growth (annual %),NY.GDP.PCAP.KD.ZG,Latvia,LVA,5.3330674174413,3.53280653815358,2.82201790906709
GDP per capita growth (annual %),NY.GDP.PCAP.KD.ZG,Lebanon,LBN,-3.5167405073303,-3.90424449942238,-3.77395674377047
GDP per capita growth (annual %),NY.GDP.PCAP.KD.ZG,Lesotho,LSO,5.40874061963372,1.16452772964631,2.36887716163825
GDP per capita growth (annual %),NY.GDP.PCAP.KD.ZG,Liberia,LBR,4.90685980146857,5.82096228952889,-1.86681893490575
GDP per capita growth (annual %),NY.GDP.PCAP.KD.ZG,Libya,LBY,121.779542551052,-14.0731087961491,-24.4978795656034
GDP per capita growth (annual %),NY.GDP.PCAP.KD.ZG,Liechtenstein,LIE,..,..,..
GDP per capita growth (annual %),NY.GDP.PCAP.KD.ZG,Lithuania,LTU,5.22886338494561,4.55131200784594,4.4316685733
GDP per capita growth (annual %),NY.GDP.PCAP.KD.ZG,Luxembourg,LUX,-2.71708865448821,1.28620682137981,1.86727735667844
GDP per capita growth (annual %),NY.GDP.PCAP.KD.ZG,"Macao SAR, China",MAC,6.67960072016953,8.63217316548837,-3.34979096566576
GDP per capita growth (annual %),NY.GDP.PCAP.KD.ZG,North Macedonia,MKD,-0.541872333986234,2.83603369977965,3.54445430377378
GDP per capita growth (annual %),NY.GDP.PCAP.KD.ZG,Madagascar,MDG,0.24892493021855,-0.48189726103999,0.562646458782396
GDP per capita growth (annual %),NY.GDP.PCAP.KD.ZG,Malawi,MWI,-0.985564538460054,2.2559643361497,2.77826957420204
GDP per capita growth (annual %),NY.GDP.PCAP.KD.ZG,Malaysia,MYS,3.95963465584499,3.27011405523254,4.5951935836986
GDP per capita growth (annual %),NY.GDP.PCAP.KD.ZG,Maldives,MDV,-1.8033264698752,2.54266069013551,2.5376897502918
GDP per capita growth (annual %),NY.GDP.PCAP.KD.ZG,Mali,MLI,-3.72125390810444,-0.621668899114638,3.98168038762667
GDP per capita growth (annual %),NY.GDP.PCAP.KD.ZG,Malta,MLT,1.76377462689001,3.08246706104747,6.38683597464909
GDP per capita growth (annual %),NY.GDP.PCAP.KD.ZG,Marshall Islands,MHL,3.11858289398823,2.46083657521037,-1.17523584216866
GDP per capita growth (annual %),NY.GDP.PCAP.KD.ZG,Mauritania,MRT,2.71514902334324,3.00717509064039,2.53369084111395
GDP per capita growth (annual %),NY.GDP.PCAP.KD.ZG,Mauritius,MUS,3.20949947389812,3.13285197062984,3.55690427573659
GDP per capita growth (annual %),NY.GDP.PCAP.KD.ZG,Mexico,MEX,2.24714512087824,0.0294494166966928,1.49918893305392
GDP per capita growth (annual %),NY.GDP.PCAP.KD.ZG,"Micronesia, Fed. Sts.",FSM,-2.97984454755763,-5.14735781133344,-3.54022204978894
GDP per capita growth (annual %),NY.GDP.PCAP.KD.ZG,Moldova,MDA,-0.576691756215297,9.07306796657758,5.06366348203859
GDP per capita growth (annual %),NY.GDP.PCAP.KD.ZG,Monaco,MCO,-0.222649184311891,8.26132960337142,5.97062803058523
GDP per capita growth (annual %),NY.GDP.PCAP.KD.ZG,Mongolia,MNG,10.15919245027,9.43696905004099,5.74536027616632
GDP per capita growth (annual %),NY.GDP.PCAP.KD.ZG,Montenegro,MNE,-2.80558965147975,3.44799975962226,1.68497736098362
GDP per capita growth (annual %),NY.GDP.PCAP.KD.ZG,Morocco,MAR,1.58051236593685,3.06034375385538,1.22949354840229
GDP per capita growth (annual %),NY.GDP.PCAP.KD.ZG,Mozambique,MOZ,4.28715099597066,4.21558694940043,4.47885877721565
GDP per capita growth (annual %),NY.GDP.PCAP.KD.ZG,Myanmar,MMR,6.44943057184359,7.50854712806968,7.10610606017521
GDP per capita growth (annual %),NY.GDP.PCAP.KD.ZG,Namibia,NAM,3.23869440441418,3.78350531828858,4.48420942966257
GDP per capita growth (annual %),NY.GDP.PCAP.KD.ZG,Nauru,NRU,7.70896476785137,27.4924503491812,24.637413774384
GDP per capita growth (annual %),NY.GDP.PCAP.KD.ZG,Nepal,NPL,4.98141892008843,4.40723133138634,6.03223594315516
GDP per capita growth (annual %),NY.GDP.PCAP.KD.ZG,Netherlands,NLD,-1.39591934102769,-0.424178644714885,1.05910126006108
GDP per capita growth (annual %),NY.GDP.PCAP.KD.ZG,New Caledonia,NCL,..,..,..
GDP per capita growth (annual %),NY.GDP.PCAP.KD.ZG,New Zealand,NZL,1.66707487597033,1.79027016417319,2.16084644871026
GDP per capita growth (annual %),NY.GDP.PCAP.KD.ZG,Nicaragua,NIC,5.08117262906849,3.54372475878886,3.41602546195836
GDP per capita growth (annual %),NY.GDP.PCAP.KD.ZG,Niger,NER,7.57304730179369,1.23463762063025,3.41624721905028
GDP per capita growth (annual %),NY.GDP.PCAP.KD.ZG,Nigeria,NGA,1.47286746392983,3.85373055323622,3.51396344458755
GDP per capita growth (annual %),NY.GDP.PCAP.KD.ZG,Northern Mariana Islands,MNP,-0.0158584876467103,1.5222495580114,2.80818711710967
GDP per capita growth (annual %),NY.GDP.PCAP.KD.ZG,Norway,NOR,1.38126057054623,-0.170023871745812,0.831566883903108
GDP per capita growth (annual %),NY.GDP.PCAP.KD.ZG,Oman,OMN,1.61503413135351,-3.02328094287482,-3.94521395151466
GDP per capita growth (annual %),NY.GDP.PCAP.KD.ZG,Pakistan,PAK,1.32897972639499,2.22327717948816,2.50737624761595
GDP per capita growth (annual %),NY.GDP.PCAP.KD.ZG,Palau,PLW,4.21386657679621,-1.91489844037204,4.65596509632964
GDP per capita growth (annual %),NY.GDP.PCAP.KD.ZG,Panama,PAN,7.91148659559646,5.09677129756297,3.29257555668359
GDP per capita growth (annual %),NY.GDP.PCAP.KD.ZG,Papua New Guinea,PNG,2.47067541606786,1.73187683959546,11.2383213298651
GDP per capita growth (annual %),NY.GDP.PCAP.KD.ZG,Paraguay,PRY,-1.89434015750554,6.93928290915227,3.44278330262561
GDP per capita growth (annual %),NY.GDP.PCAP.KD.ZG,Peru,PER,5.26752882141093,4.90257197041394,1.30548789596448
GDP per capita growth (annual %),NY.GDP.PCAP.KD.ZG,Philippines,PHL,4.88119440419004,5.26765306144958,4.41172803155578
GDP per capita growth (annual %),NY.GDP.PCAP.KD.ZG,Poland,POL,1.60814850561724,1.45311005603234,3.39580432185976
GDP per capita growth (annual %),NY.GDP.PCAP.KD.ZG,Portugal,PRT,-3.63837659551429,-0.586051380715617,1.43866342935166
GDP per capita growth (annual %),NY.GDP.PCAP.KD.ZG,Puerto Rico,PRI,1.24696939039633,0.842159017658133,0.43657353906228
GDP per capita growth (annual %),NY.GDP.PCAP.KD.ZG,Qatar,QAT,-2.94964785858576,-1.86799586745329,-1.20585956299077
GDP per capita growth (annual %),NY.GDP.PCAP.KD.ZG,Romania,ROU,2.53260302566227,3.89963972603289,3.79888702175988
GDP per capita growth (annual %),NY.GDP.PCAP.KD.ZG,Russian Federation,RUS,3.52567499457483,1.58347451903256,-1.08094175867427
GDP per capita growth (annual %),NY.GDP.PCAP.KD.ZG,Rwanda,RWA,6.17609227317833,2.17729719654018,4.98250155057242
GDP per capita growth (annual %),NY.GDP.PCAP.KD.ZG,Samoa,WSM,-0.457554348043843,-2.77148594199882,0.603396595675093
GDP per capita growth (annual %),NY.GDP.PCAP.KD.ZG,San Marino,SMR,-8.82709513434922,-4.36714067295162,-2.08806907854802
GDP per capita growth (annual %),NY.GDP.PCAP.KD.ZG,Sao Tome and Principe,STP,1.01786560806956,2.80511706444513,4.56838861970942
GDP per capita growth (annual %),NY.GDP.PCAP.KD.ZG,Saudi Arabia,SAU,2.20265505034278,-0.367217941712084,0.754234773314735
GDP per capita growth (annual %),NY.GDP.PCAP.KD.ZG,Senegal,SEN,2.22958954899599,-0.0160396717389375,3.66236746129442
GDP per capita growth (annual %),NY.GDP.PCAP.KD.ZG,Serbia,SRB,-0.198378662027338,3.39452093653341,-1.12639317150823
GDP per capita growth (annual %),NY.GDP.PCAP.KD.ZG,Seychelles,SYC,0.272336546679327,4.07802463446419,2.89189820261761
GDP per capita growth (annual %),NY.GDP.PCAP.KD.ZG,Sierra Leone,SLE,12.6192136998357,18.0531371880676,2.27459980667726
GDP per capita growth (annual %),NY.GDP.PCAP.KD.ZG,Singapore,SGP,1.91794555760912,3.1314347328029,2.56020719666732
GDP per capita growth (annual %),NY.GDP.PCAP.KD.ZG,Sint Maarten (Dutch part),SXM,-2.13646282025343,-4.13677564787119,-1.32537772499819
GDP per capita growth (annual %),NY.GDP.PCAP.KD.ZG,Slovak Republic,SVK,1.48429176135379,1.38164518511417,2.6506688896194
GDP per capita growth (annual %),NY.GDP.PCAP.KD.ZG,Slovenia,SVN,-2.87378507399877,-1.26615369034168,2.8493610702684
GDP per capita growth (annual %),NY.GDP.PCAP.KD.ZG,Solomon Islands,SLB,1.8209085220786,0.264323790693524,-0.492002650198245
GDP per capita growth (annual %),NY.GDP.PCAP.KD.ZG,Somalia,SOM,..,..,..
GDP per capita growth (annual %),NY.GDP.PCAP.KD.ZG,South Africa,ZAF,0.607949069116557,0.852684803699091,0.247278816490251
GDP per capita growth (annual %),NY.GDP.PCAP.KD.ZG,South Sudan,SSD,-47.5905801597379,10.4925338706586,1.41718015005401
GDP per capita growth (annual %),NY.GDP.PCAP.KD.ZG,Spain,ESP,-2.9907551441439,-1.38309677296505,1.68352729078485
GDP per capita growth (annual %),NY.GDP.PCAP.KD.ZG,Sri Lanka,LKA,9.0038732703058,2.59207380970925,3.98575520647266
GDP per capita growth (annual %),NY.GDP.PCAP.KD.ZG,St. Kitts and Nevis,KNA,-1.53188288641907,4.53559526645431,5.13024926388582
GDP per capita growth (annual %),NY.GDP.PCAP.KD.ZG,St. Lucia,LCA,-0.935617166857057,-2.47446878049702,-0.434473246157822
GDP per capita growth (annual %),NY.GDP.PCAP.KD.ZG,St. Martin (French part),MAF,..,..,..
GDP per capita growth (annual %),NY.GDP.PCAP.KD.ZG,St. Vincent and the Grenadines,VCT,1.27116013464044,1.65785686044293,0.99146110183446
GDP per capita growth (annual %),NY.GDP.PCAP.KD.ZG,Sudan,SDN,11.8286971969221,1.92014094164139,0.232297870942546
GDP per capita growth (annual %),NY.GDP.PCAP.KD.ZG,Suriname,SUR,1.53944859208917,1.7963211500708,-0.828461588508972
GDP per capita growth (annual %),NY.GDP.PCAP.KD.ZG,Eswatini,SWZ,4.0139071950253,5.68166538773762,1.16938123267956
GDP per capita growth (annual %),NY.GDP.PCAP.KD.ZG,Sweden,SWE,-1.03334600289796,0.384131820229953,1.58890026521017
GDP per capita growth (annual %),NY.GDP.PCAP.KD.ZG,Switzerland,CHE,-0.0608034757100029,0.687571591822305,1.20682576725208
GDP per capita growth (annual %),NY.GDP.PCAP.KD.ZG,Syrian Arab Republic,SYR,..,..,..
GDP per capita growth (annual %),NY.GDP.PCAP.KD.ZG,Tajikistan,TJK,5.06580882599098,4.93575174194199,4.20972463068894
GDP per capita growth (annual %),NY.GDP.PCAP.KD.ZG,Tanzania,TZA,1.44255539068374,3.63800838842414,3.58137275797725
GDP per capita growth (annual %),NY.GDP.PCAP.KD.ZG,Thailand,THA,6.7407279707071,2.22243301215208,0.550265984732462
GDP per capita growth (annual %),NY.GDP.PCAP.KD.ZG,Timor-Leste,TLS,3.18377118058477,-12.6513342818833,-27.2344100803084
GDP per capita growth (annual %),NY.GDP.PCAP.KD.ZG,Togo,TGO,3.7459288985215,3.35202984077185,3.20095983066166
GDP per capita growth (annual %),NY.GDP.PCAP.KD.ZG,Tonga,TON,1.70049336749929,-2.19815126549558,2.82025869768351
GDP per capita growth (annual %),NY.GDP.PCAP.KD.ZG,Trinidad and Tobago,TTO,0.643274270814345,1.33663759349112,-1.5978817663032
GDP per capita growth (annual %),NY.GDP.PCAP.KD.ZG,Tunisia,TUN,2.98979703441806,1.88039852169113,1.94523994235124
GDP per capita growth (annual %),NY.GDP.PCAP.KD.ZG,Turkey,TUR,3.09266028543465,6.66872942488075,3.39192850541498
GDP per capita growth (annual %),NY.GDP.PCAP.KD.ZG,Turkmenistan,TKM,9.12144180813601,8.17778864394676,8.28314040832132
GDP per capita growth (annual %),NY.GDP.PCAP.KD.ZG,Turks and Caicos Islands,TCA,-4.50137409734052,-0.575537125630703,4.77892113172589
GDP per capita growth (annual %),NY.GDP.PCAP.KD.ZG,Tuvalu,TUV,-4.78494433509991,3.44022379657399,0.285761364533045
GDP per capita growth (annual %),NY.GDP.PCAP.KD.ZG,Uganda,UGA,0.585699588812943,0.290029687641777,1.64121297118946
GDP per capita growth (annual %),NY.GDP.PCAP.KD.ZG,Ukraine,UKR,0.486676586685419,0.201173610668206,-1.14453180874146
GDP per capita growth (annual %),NY.GDP.PCAP.KD.ZG,United Arab Emirates,ARE,2.25792624286404,4.41015904513891,4.21441053622343
GDP per capita growth (annual %),NY.GDP.PCAP.KD.ZG,United Kingdom,GBR,0.744129586684394,1.36540245375502,2.17491962918987
GDP per capita growth (annual %),NY.GDP.PCAP.KD.ZG,United States,USA,1.50217058243558,1.13849725776922,1.7026342478712
GDP per capita growth (annual %),NY.GDP.PCAP.KD.ZG,Uruguay,URY,3.23053404483321,4.31446693658681,2.9049777943345
GDP per capita growth (annual %),NY.GDP.PCAP.KD.ZG,Uzbekistan,UZB,6.59890170893659,6.35189381689723,5.38654376236177
GDP per capita growth (annual %),NY.GDP.PCAP.KD.ZG,Vanuatu,VUT,-1.03729740832175,-0.866210852327455,-0.48157635071567
GDP per capita growth (annual %),NY.GDP.PCAP.KD.ZG,"Venezuela, RB",VEN,3.92054222297398,-0.0898371072948549,-4.73105016156384
GDP per capita growth (annual %),NY.GDP.PCAP.KD.ZG,Vietnam,VNM,4.15633378057983,4.31719104743868,4.87299904180681
GDP per capita growth (annual %),NY.GDP.PCAP.KD.ZG,Virgin Islands (U.S.),VIR,-14.9399230232644,-5.70269318497409,-0.719194740552936
GDP per capita growth (annual %),NY.GDP.PCAP.KD.ZG,West Bank and Gaza,PSE,3.69356957510769,-0.207437730719391,-2.49449405052451
GDP per capita growth (annual %),NY.GDP.PCAP.KD.ZG,"Yemen, Rep.",YEM,-0.39176256584598,2.01429678063505,-2.80297619948192
GDP per capita growth (annual %),NY.GDP.PCAP.KD.ZG,Zambia,ZMB,4.31037176214947,1.81195754180546,1.47842443546141
GDP per capita growth (annual %),NY.GDP.PCAP.KD.ZG,Zimbabwe,ZWE,14.701172623904,0.192501098706813,0.596198048811488
GDP per capita growth (annual %),NY.GDP.PCAP.KD.ZG,Central Europe and the Baltics,CEB,0.974392001489093,1.55423607719409,3.26519838546275
GDP per capita growth (annual %),NY.GDP.PCAP.KD.ZG,East Asia & Pacific,EAS,3.97556020929738,4.04192493600813,3.41778696254687
GDP per capita growth (annual %),NY.GDP.PCAP.KD.ZG,Europe & Central Asia,ECS,-0.0919016443866099,0.414170795342713,1.36917615719076
GDP per capita growth (annual %),NY.GDP.PCAP.KD.ZG,European Union,EUU,-0.611160797617472,-0.0401293446785331,1.4585166298684
GDP per capita growth (annual %),NY.GDP.PCAP.KD.ZG,Latin America & Caribbean,LCN,1.65864989893356,1.65420627333594,-0.0553652385638799
GDP per capita growth (annual %),NY.GDP.PCAP.KD.ZG,Middle East & North Africa,MEA,1.80472657148485,0.684187333467378,0.962281862654436
GDP per capita growth (annual %),NY.GDP.PCAP.KD.ZG,North America,NAC,1.41676421570605,1.14813470134074,1.71587671344531
GDP per capita growth (annual %),NY.GDP.PCAP.KD.ZG,Pacific island small states,PSS,0.55244246828417,1.51945945436644,2.64748586412291
GDP per capita growth (annual %),NY.GDP.PCAP.KD.ZG,South Asia,SAS,4.10991288122855,4.7175122336479,5.63796626741804
GDP per capita growth (annual %),NY.GDP.PCAP.KD.ZG,Sub-Saharan Africa,SSF,1.20669707872831,2.20041684560337,1.87052867936886
GDP per capita growth (annual %),NY.GDP.PCAP.KD.ZG,World,WLD,1.31225641304724,1.44994609444937,1.63953252615742
Electric power consumption (kWh per capita),EG.USE.ELEC.KH.PC,Afghanistan,AFG,..,..,..
Electric power consumption (kWh per capita),EG.USE.ELEC.KH.PC,Albania,ALB,2118.32777605579,2533.25282927106,2309.36650255581
Electric power consumption (kWh per capita),EG.USE.ELEC.KH.PC,Algeria,DZA,1237.96650680011,1278.91534303028,1362.87191909646
Electric power consumption (kWh per capita),EG.USE.ELEC.KH.PC,American Samoa,ASM,..,..,..
Electric power consumption (kWh per capita),EG.USE.ELEC.KH.PC,Andorra,AND,..,..,..
Electric power consumption (kWh per capita),EG.USE.ELEC.KH.PC,Angola,AGO,219.253430320483,280.214546709728,312.228824978484
Electric power consumption (kWh per capita),EG.USE.ELEC.KH.PC,Antigua and Barbuda,ATG,..,..,..
Electric power consumption (kWh per capita),EG.USE.ELEC.KH.PC,Argentina,ARG,3000.60352326565,2967.37655805218,3074.70207056563
Electric power consumption (kWh per capita),EG.USE.ELEC.KH.PC,Armenia,ARM,1892.01342889209,1931.2641152077,1961.61039526467
Electric power consumption (kWh per capita),EG.USE.ELEC.KH.PC,Aruba,ABW,..,..,..
Electric power consumption (kWh per capita),EG.USE.ELEC.KH.PC,Australia,AUS,10407.7403070759,10220.8873013463,10071.3989785006
Electric power consumption (kWh per capita),EG.USE.ELEC.KH.PC,Austria,AUT,8548.88219928111,8509.61158033605,8355.84195182134
Electric power consumption (kWh per capita),EG.USE.ELEC.KH.PC,Azerbaijan,AZE,2052.65096521176,2092.53652062946,2202.39391828846
Electric power consumption (kWh per capita),EG.USE.ELEC.KH.PC,"Bahamas, The",BHS,..,..,..
Electric power consumption (kWh per capita),EG.USE.ELEC.KH.PC,Bahrain,BHR,17849.244159167,18693.1238778765,19596.9537638231
Electric power consumption (kWh per capita),EG.USE.ELEC.KH.PC,Bangladesh,BGD,283.46216563492,301.961168038611,320.204158205446
Electric power consumption (kWh per capita),EG.USE.ELEC.KH.PC,Barbados,BRB,..,..,..
Electric power consumption (kWh per capita),EG.USE.ELEC.KH.PC,Belarus,BLR,3697.39748396507,3648.32146048641,3679.9788400689
Electric power consumption (kWh per capita),EG.USE.ELEC.KH.PC,Belgium,BEL,7988.52464388906,7989.67185263518,7709.12307788247
Electric power consumption (kWh per capita),EG.USE.ELEC.KH.PC,Belize,BLZ,..,..,..
Electric power consumption (kWh per capita),EG.USE.ELEC.KH.PC,Benin,BEN,93.1212772045692,96.7556085268079,100.225122540037
Electric power consumption (kWh per capita),EG.USE.ELEC.KH.PC,Bermuda,BMU,..,..,..
Electric power consumption (kWh per capita),EG.USE.ELEC.KH.PC,Bhutan,BTN,..,..,..
Electric power consumption (kWh per capita),EG.USE.ELEC.KH.PC,Bolivia,BOL,654.481793418873,695.953170328966,742.538399742886
Electric power consumption (kWh per capita),EG.USE.ELEC.KH.PC,Bosnia and Herzegovina,BIH,3479.08388747541,3474.2795202965,3446.76666750907
Electric power consumption (kWh per capita),EG.USE.ELEC.KH.PC,Botswana,BWA,1756.26890428334,2126.50833730902,1815.55806865223
Electric power consumption (kWh per capita),EG.USE.ELEC.KH.PC,Brazil,BRA,2501.47405281669,2568.82970799499,2619.96061573831
Electric power consumption (kWh per capita),EG.USE.ELEC.KH.PC,British Virgin Islands,VGB,..,..,..
Electric power consumption (kWh per capita),EG.USE.ELEC.KH.PC,Brunei Darussalam,BRN,9240.85626420779,9873.37452802896,10291.1640460845
Electric power consumption (kWh per capita),EG.USE.ELEC.KH.PC,Bulgaria,BGR,4761.9125833848,4639.70632261155,4708.92745757231
Electric power consumption (kWh per capita),EG.USE.ELEC.KH.PC,Burkina Faso,BFA,..,..,..
Electric power consumption (kWh per capita),EG.USE.ELEC.KH.PC,Burundi,BDI,..,..,..
Electric power consumption (kWh per capita),EG.USE.ELEC.KH.PC,Cabo Verde,CPV,..,..,..
Electric power consumption (kWh per capita),EG.USE.ELEC.KH.PC,Cambodia,KHM,207.233147236208,221.544419489733,271.367258234196
Electric power consumption (kWh per capita),EG.USE.ELEC.KH.PC,Cameroon,CMR,247.425375138479,252.204776146066,275.197913680616
Electric power consumption (kWh per capita),EG.USE.ELEC.KH.PC,Canada,CAN,15336.6248565213,15750.8116334788,15588.4871464315
Electric power consumption (kWh per capita),EG.USE.ELEC.KH.PC,Cayman Islands,CYM,..,..,..
Electric power consumption (kWh per capita),EG.USE.ELEC.KH.PC,Central African Republic,CAF,..,..,..
Electric power consumption (kWh per capita),EG.USE.ELEC.KH.PC,Chad,TCD,..,..,..
Electric power consumption (kWh per capita),EG.USE.ELEC.KH.PC,Channel Islands,CHI,..,..,..
Electric power consumption (kWh per capita),EG.USE.ELEC.KH.PC,Chile,CHL,3807.51027551347,3879.86073135332,3879.6756048595
Electric power consumption (kWh per capita),EG.USE.ELEC.KH.PC,China,CHN,3474.98806170157,3773.40538390134,3927.04449998901
Electric power consumption (kWh per capita),EG.USE.ELEC.KH.PC,Colombia,COL,1170.04531212725,1310.61466472857,1312.15750301437
Electric power consumption (kWh per capita),EG.USE.ELEC.KH.PC,Comoros,COM,..,..,..
Electric power consumption (kWh per capita),EG.USE.ELEC.KH.PC,"Congo, Dem. Rep.",COD,112.183659791454,117.028301776402,108.516701140545
Electric power consumption (kWh per capita),EG.USE.ELEC.KH.PC,"Congo, Rep.",COG,214.624723792614,213.076124852658,202.872128916055
Electric power consumption (kWh per capita),EG.USE.ELEC.KH.PC,Costa Rica,CRI,1942.83276450512,1939.85500538052,1942.48816990297
Electric power consumption (kWh per capita),EG.USE.ELEC.KH.PC,Cote d'Ivoire,CIV,234.787017220066,233.163501264629,274.730090490935
Electric power consumption (kWh per capita),EG.USE.ELEC.KH.PC,Croatia,HRV,3819.28025348455,3754.26869773614,3714.38298844207
Electric power consumption (kWh per capita),EG.USE.ELEC.KH.PC,Cuba,CUB,1379.21832628134,1435.55809237489,1450.88371686603
Electric power consumption (kWh per capita),EG.USE.ELEC.KH.PC,Curacao,CUW,5062.85834516859,4934.27468112494,4797.67043595944
Electric power consumption (kWh per capita),EG.USE.ELEC.KH.PC,Cyprus,CYP,4035.07875451744,3587.83284056,3624.97125277167
Electric power consumption (kWh per capita),EG.USE.ELEC.KH.PC,Czech Republic,CZE,6304.57192302954,6284.79080624888,6258.89103703659
Electric power consumption (kWh per capita),EG.USE.ELEC.KH.PC,Denmark,DNK,6038.55230693622,6039.43200024506,5858.80153628748
Electric power consumption (kWh per capita),EG.USE.ELEC.KH.PC,Djibouti,DJI,..,..,..
Electric power consumption (kWh per capita),EG.USE.ELEC.KH.PC,Dominica,DMA,..,..,..
Electric power consumption (kWh per capita),EG.USE.ELEC.KH.PC,Dominican Republic,DOM,1499.35892084825,1551.71699993949,1615.51524233024
Electric power consumption (kWh per capita),EG.USE.ELEC.KH.PC,Ecuador,ECU,1277.03694857382,1329.36715349648,1376.39311532627
Electric power consumption (kWh per capita),EG.USE.ELEC.KH.PC,"Egypt, Arab Rep.",EGY,1685.46892559138,1684.91156120312,1683.21351829557
Electric power consumption (kWh per capita),EG.USE.ELEC.KH.PC,El Salvador,SLV,915.689404950975,958.974285317591,937.073876813942
Electric power consumption (kWh per capita),EG.USE.ELEC.KH.PC,Equatorial Guinea,GNQ,..,..,..
Electric power consumption (kWh per capita),EG.USE.ELEC.KH.PC,Eritrea,ERI,..,..,..
Electric power consumption (kWh per capita),EG.USE.ELEC.KH.PC,Estonia,EST,6689.36777611787,6664.65856902557,6732.36747315611
Electric power consumption (kWh per capita),EG.USE.ELEC.KH.PC,Ethiopia,ETH,57.2109704737363,64.0556661561259,69.1987531624304
Electric power consumption (kWh per capita),EG.USE.ELEC.KH.PC,Faroe Islands,FRO,..,..,..
Electric power consumption (kWh per capita),EG.USE.ELEC.KH.PC,Fiji,FJI,..,..,..
Electric power consumption (kWh per capita),EG.USE.ELEC.KH.PC,Finland,FIN,15689.2233076239,15510.8355034738,15249.9893802302
Electric power consumption (kWh per capita),EG.USE.ELEC.KH.PC,France,FRA,7363.42379552155,7367.84354512992,6939.52147366929
Electric power consumption (kWh per capita),EG.USE.ELEC.KH.PC,French Polynesia,PYF,..,..,..
Electric power consumption (kWh per capita),EG.USE.ELEC.KH.PC,Gabon,GAB,988.751098771091,1079.75967917599,1167.85221361079
Electric power consumption (kWh per capita),EG.USE.ELEC.KH.PC,"Gambia, The",GMB,..,..,..
Electric power consumption (kWh per capita),EG.USE.ELEC.KH.PC,Georgia,GEO,2329.92587038339,2498.34035744989,2693.97276022513
Electric power consumption (kWh per capita),EG.USE.ELEC.KH.PC,Germany,DEU,7270.15252302734,7217.52908915495,7035.48297471676
Electric power consumption (kWh per capita),EG.USE.ELEC.KH.PC,Ghana,GHA,342.200582856528,375.944625232104,351.301578961752
Electric power consumption (kWh per capita),EG.USE.ELEC.KH.PC,Gibraltar,GIB,5082.32776555906,5431.55645257034,5693.10600444774
Electric power consumption (kWh per capita),EG.USE.ELEC.KH.PC,Greece,GRC,5534.89715854516,5028.99579406178,5062.60642155232
Electric power consumption (kWh per capita),EG.USE.ELEC.KH.PC,Greenland,GRL,..,..,..
Electric power consumption (kWh per capita),EG.USE.ELEC.KH.PC,Grenada,GRD,..,..,..
Electric power consumption (kWh per capita),EG.USE.ELEC.KH.PC,Guam,GUM,..,..,..
Electric power consumption (kWh per capita),EG.USE.ELEC.KH.PC,Guatemala,GTM,532.651316128098,558.418822580741,577.897354201025
Electric power consumption (kWh per capita),EG.USE.ELEC.KH.PC,Guinea,GIN,..,..,..
Electric power consumption (kWh per capita),EG.USE.ELEC.KH.PC,Guinea-Bissau,GNB,..,..,..
Electric power consumption (kWh per capita),EG.USE.ELEC.KH.PC,Guyana,GUY,..,..,..
Electric power consumption (kWh per capita),EG.USE.ELEC.KH.PC,Haiti,HTI,46.1421549069206,43.8433166776804,39.0558050576888
Electric power consumption (kWh per capita),EG.USE.ELEC.KH.PC,Honduras,HND,636.638898439951,643.17627928603,619.836394903786
Electric power consumption (kWh per capita),EG.USE.ELEC.KH.PC,"Hong Kong SAR, China",HKG,6031.24431826128,5941.16090208806,6083.2699356802
Electric power consumption (kWh per capita),EG.USE.ELEC.KH.PC,Hungary,HUN,3923.04232446356,3892.11370127125,3965.95823348335
Electric power consumption (kWh per capita),EG.USE.ELEC.KH.PC,Iceland,ISL,53202.8336596865,54799.174707503,53832.4790919587
Electric power consumption (kWh per capita),EG.USE.ELEC.KH.PC,India,IND,723.235461275311,764.198741627301,804.514228089279
Electric power consumption (kWh per capita),EG.USE.ELEC.KH.PC,Indonesia,IDN,733.37182682142,773.987469945264,811.906904947585
Electric power consumption (kWh per capita),EG.USE.ELEC.KH.PC,"Iran, Islamic Rep.",IRN,2784.62250831223,2830.81197348765,3022.12256298599
Electric power consumption (kWh per capita),EG.USE.ELEC.KH.PC,Iraq,IRQ,1141.14103002348,1427.72049986353,1328.23041622952
Electric power consumption (kWh per capita),EG.USE.ELEC.KH.PC,Ireland,IRL,5651.00848281771,5698.75617887909,5672.06413410796
Electric power consumption (kWh per capita),EG.USE.ELEC.KH.PC,Isle of Man,IMN,..,..,..
Electric power consumption (kWh per capita),EG.USE.ELEC.KH.PC,Israel,ISR,7184.50161178181,6710.09367826788,6600.8982801222
Electric power consumption (kWh per capita),EG.USE.ELEC.KH.PC,Italy,ITA,5397.74147734024,5159.18365503785,5002.40667987736
Electric power consumption (kWh per capita),EG.USE.ELEC.KH.PC,Jamaica,JAM,1037.60134997249,1013.04469954794,1050.73290446087
Electric power consumption (kWh per capita),EG.USE.ELEC.KH.PC,Japan,JPN,7998.34677071825,7988.58331044764,7819.71463590936
Electric power consumption (kWh per capita),EG.USE.ELEC.KH.PC,Jordan,JOR,1917.59306042661,1854.01658603684,1864.67585548017
Electric power consumption (kWh per capita),EG.USE.ELEC.KH.PC,Kazakhstan,KAZ,5180.65381859279,5345.4687403694,5600.20846486508
Electric power consumption (kWh per capita),EG.USE.ELEC.KH.PC,Kenya,KEN,150.439490332385,160.984575335849,164.325548654934
Electric power consumption (kWh per capita),EG.USE.ELEC.KH.PC,Kiribati,KIR,..,..,..
Electric power consumption (kWh per capita),EG.USE.ELEC.KH.PC,"Korea, Dem. People’s Rep.",PRK,652.967757408567,619.066957428507,601.690047854253
Electric power consumption (kWh per capita),EG.USE.ELEC.KH.PC,"Korea, Rep.",KOR,10305.3289817402,10384.6221649164,10496.5136719641
Electric power consumption (kWh per capita),EG.USE.ELEC.KH.PC,Kosovo,XKX,2862.84068247286,2907.73532152843,2804.36930508289
Electric power consumption (kWh per capita),EG.USE.ELEC.KH.PC,Kuwait,KWT,16053.8548571705,15195.1946161189,15590.5999064737
Electric power consumption (kWh per capita),EG.USE.ELEC.KH.PC,Kyrgyz Republic,KGZ,1809.10258239406,1887.02007133366,1941.22183189101
Electric power consumption (kWh per capita),EG.USE.ELEC.KH.PC,Lao PDR,LAO,..,..,..
Electric power consumption (kWh per capita),EG.USE.ELEC.KH.PC,Latvia,LVA,3587.93286598611,3472.54138455477,3507.40452065472
Electric power consumption (kWh per capita),EG.USE.ELEC.KH.PC,Lebanon,LBN,2487.43643288219,2765.68862146873,2588.30067018927
Electric power consumption (kWh per capita),EG.USE.ELEC.KH.PC,Lesotho,LSO,..,..,..
Electric power consumption (kWh per capita),EG.USE.ELEC.KH.PC,Liberia,LBR,..,..,..
Electric power consumption (kWh per capita),EG.USE.ELEC.KH.PC,Libya,LBY,2241.25999284095,2320.5960294344,1811.05516990863
Electric power consumption (kWh per capita),EG.USE.ELEC.KH.PC,Liechtenstein,LIE,..,..,..
Electric power consumption (kWh per capita),EG.USE.ELEC.KH.PC,Lithuania,LTU,3607.70379811318,3663.6711973436,3821.1451704374
Electric power consumption (kWh per capita),EG.USE.ELEC.KH.PC,Luxembourg,LUX,14703.9435272137,14193.1684334511,13914.6784488756
Electric power consumption (kWh per capita),EG.USE.ELEC.KH.PC,"Macao SAR, China",MAC,..,..,..
Electric power consumption (kWh per capita),EG.USE.ELEC.KH.PC,North Macedonia,MKD,3680.79881288815,3550.46344843399,3496.52873867478
Electric power consumption (kWh per capita),EG.USE.ELEC.KH.PC,Madagascar,MDG,..,..,..
Electric power consumption (kWh per capita),EG.USE.ELEC.KH.PC,Malawi,MWI,..,..,..
Electric power consumption (kWh per capita),EG.USE.ELEC.KH.PC,Malaysia,MYS,4338.56165435176,4520.3630461322,4651.9587341816
Electric power consumption (kWh per capita),EG.USE.ELEC.KH.PC,Maldives,MDV,..,..,..
Electric power consumption (kWh per capita),EG.USE.ELEC.KH.PC,Mali,MLI,..,..,..
Electric power consumption (kWh per capita),EG.USE.ELEC.KH.PC,Malta,MLT,5002.04748254878,4915.87376486911,4924.54401944044
Electric power consumption (kWh per capita),EG.USE.ELEC.KH.PC,Marshall Islands,MHL,..,..,..
Electric power consumption (kWh per capita),EG.USE.ELEC.KH.PC,Mauritania,MRT,..,..,..
Electric power consumption (kWh per capita),EG.USE.ELEC.KH.PC,Mauritius,MUS,2075.03571195383,2148.32841140489,2182.50915591141
Electric power consumption (kWh per capita),EG.USE.ELEC.KH.PC,Mexico,MEX,2253.51442523717,2144.08892593167,2157.32394883914
Electric power consumption (kWh per capita),EG.USE.ELEC.KH.PC,"Micronesia, Fed. Sts.",FSM,..,..,..
Electric power consumption (kWh per capita),EG.USE.ELEC.KH.PC,Moldova,MDA,1514.53047448265,1352.7921078322,1386.23443895606
Electric power consumption (kWh per capita),EG.USE.ELEC.KH.PC,Monaco,MCO,..,..,..
Electric power consumption (kWh per capita),EG.USE.ELEC.KH.PC,Mongolia,MNG,1588.13381531979,1893.96042462468,2006.38888095267
Electric power consumption (kWh per capita),EG.USE.ELEC.KH.PC,Montenegro,MNE,5415.71798949728,4574.96454482966,4612.34139045689
Electric power consumption (kWh per capita),EG.USE.ELEC.KH.PC,Morocco,MAR,876.84523910157,881.429309490984,904.442154848276
Electric power consumption (kWh per capita),EG.USE.ELEC.KH.PC,Mozambique,MOZ,459.967096022918,451.04354434391,478.921172329335
Electric power consumption (kWh per capita),EG.USE.ELEC.KH.PC,Myanmar,MMR,156.009007560592,185.372143739165,215.298895443599
Electric power consumption (kWh per capita),EG.USE.ELEC.KH.PC,Namibia,NAM,1660.75568256375,1692.40343674306,1652.56902565727
Electric power consumption (kWh per capita),EG.USE.ELEC.KH.PC,Nauru,NRU,..,..,..
Electric power consumption (kWh per capita),EG.USE.ELEC.KH.PC,Nepal,NPL,120.897246529086,136.637671593028,146.467864816665
Electric power consumption (kWh per capita),EG.USE.ELEC.KH.PC,Netherlands,NLD,6876.58975293409,6833.91143479292,6712.774758245
Electric power consumption (kWh per capita),EG.USE.ELEC.KH.PC,New Caledonia,NCL,..,..,..
Electric power consumption (kWh per capita),EG.USE.ELEC.KH.PC,New Zealand,NZL,9360.94916177038,9089.61977443101,9026.32104131095
Electric power consumption (kWh per capita),EG.USE.ELEC.KH.PC,Nicaragua,NIC,569.324730055498,586.561151639254,568.313810807014
Electric power consumption (kWh per capita),EG.USE.ELEC.KH.PC,Niger,NER,49.3391725888191,48.2591706610182,51.1950084398999
Electric power consumption (kWh per capita),EG.USE.ELEC.KH.PC,Nigeria,NGA,156.797185498593,142.729253580205,144.525462223266
Electric power consumption (kWh per capita),EG.USE.ELEC.KH.PC,Northern Mariana Islands,MNP,..,..,..
Electric power consumption (kWh per capita),EG.USE.ELEC.KH.PC,Norway,NOR,24070.9859157175,23806.8848810237,22999.9345951283
Electric power consumption (kWh per capita),EG.USE.ELEC.KH.PC,Oman,OMN,6176.90705251443,6207.22720034637,6445.57341716204
Electric power consumption (kWh per capita),EG.USE.ELEC.KH.PC,Pakistan,PAK,427.847975887631,457.814826092872,447.501002589131
Electric power consumption (kWh per capita),EG.USE.ELEC.KH.PC,Palau,PLW,..,..,..
Electric power consumption (kWh per capita),EG.USE.ELEC.KH.PC,Panama,PAN,1955.37926878946,2018.54443183397,2064.17579713507
Electric power consumption (kWh per capita),EG.USE.ELEC.KH.PC,Papua New Guinea,PNG,..,..,..
Electric power consumption (kWh per capita),EG.USE.ELEC.KH.PC,Paraguay,PRY,1359.02572478257,1462.91800839166,1552.38421668465
Electric power consumption (kWh per capita),EG.USE.ELEC.KH.PC,Peru,PER,1238.08799520978,1301.30371857823,1345.8795888743
Electric power consumption (kWh per capita),EG.USE.ELEC.KH.PC,Philippines,PHL,664.121469473959,682.956812491423,696.346780059737
Electric power consumption (kWh per capita),EG.USE.ELEC.KH.PC,Poland,POL,3899.17664227808,3938.25520772816,3971.79976131055
Electric power consumption (kWh per capita),EG.USE.ELEC.KH.PC,Portugal,PRT,4736.35177088695,4685.05478711273,4662.60079980294
Electric power consumption (kWh per capita),EG.USE.ELEC.KH.PC,Puerto Rico,PRI,..,..,..
Electric power consumption (kWh per capita),EG.USE.ELEC.KH.PC,Qatar,QAT,14853.3246147443,13913.1052558147,14781.648325999
Electric power consumption (kWh per capita),EG.USE.ELEC.KH.PC,Romania,ROU,2604.24313747583,2494.53391823023,2584.41178726443
Electric power consumption (kWh per capita),EG.USE.ELEC.KH.PC,Russian Federation,RUS,6617.13624077975,6539.21120216991,6602.65752529282
Electric power consumption (kWh per capita),EG.USE.ELEC.KH.PC,Rwanda,RWA,..,..,..
Electric power consumption (kWh per capita),EG.USE.ELEC.KH.PC,Samoa,WSM,..,..,..
Electric power consumption (kWh per capita),EG.USE.ELEC.KH.PC,San Marino,SMR,..,..,..
Electric power consumption (kWh per capita),EG.USE.ELEC.KH.PC,Sao Tome and Principe,STP,..,..,..
Electric power consumption (kWh per capita),EG.USE.ELEC.KH.PC,Saudi Arabia,SAU,8502.77516655956,8784.62164135464,9401.36676935668
Electric power consumption (kWh per capita),EG.USE.ELEC.KH.PC,Senegal,SEN,215.490370050241,215.346796861509,229.351795106376
Electric power consumption (kWh per capita),EG.USE.ELEC.KH.PC,Serbia,SRB,4386.5345515821,4444.22297076603,4271.7446669105
Electric power consumption (kWh per capita),EG.USE.ELEC.KH.PC,Seychelles,SYC,..,..,..
Electric power consumption (kWh per capita),EG.USE.ELEC.KH.PC,Sierra Leone,SLE,..,..,..
Electric power consumption (kWh per capita),EG.USE.ELEC.KH.PC,Singapore,SGP,8673.98521620115,8680.60636076487,8844.68759301201
Electric power consumption (kWh per capita),EG.USE.ELEC.KH.PC,Sint Maarten (Dutch part),SXM,..,..,..
Electric power consumption (kWh per capita),EG.USE.ELEC.KH.PC,Slovak Republic,SVK,5137.78901796904,5202.46728807607,5137.07383519398
Electric power consumption (kWh per capita),EG.USE.ELEC.KH.PC,Slovenia,SVN,6718.97505248744,6779.28088650566,6727.99930164211
Electric power consumption (kWh per capita),EG.USE.ELEC.KH.PC,Solomon Islands,SLB,..,..,..
Electric power consumption (kWh per capita),EG.USE.ELEC.KH.PC,Somalia,SOM,..,..,..
Electric power consumption (kWh per capita),EG.USE.ELEC.KH.PC,South Africa,ZAF,4365.91925976462,4285.47726028361,4197.90704691753
Electric power consumption (kWh per capita),EG.USE.ELEC.KH.PC,South Sudan,SSD,41.4291699126932,42.9742590948018,43.5817242123859
Electric power consumption (kWh per capita),EG.USE.ELEC.KH.PC,Spain,ESP,5573.40118151359,5409.41133797704,5355.98700558221
Electric power consumption (kWh per capita),EG.USE.ELEC.KH.PC,Sri Lanka,LKA,524.308445532436,525.722613553558,531.090576571374
Electric power consumption (kWh per capita),EG.USE.ELEC.KH.PC,St. Kitts and Nevis,KNA,..,..,..
Electric power consumption (kWh per capita),EG.USE.ELEC.KH.PC,St. Lucia,LCA,..,..,..
Electric power consumption (kWh per capita),EG.USE.ELEC.KH.PC,St. Martin (French part),MAF,..,..,..
Electric power consumption (kWh per capita),EG.USE.ELEC.KH.PC,St. Vincent and the Grenadines,VCT,..,..,..
Electric power consumption (kWh per capita),EG.USE.ELEC.KH.PC,Sudan,SDN,156.942337738062,158.658669826765,190.220886811296
Electric power consumption (kWh per capita),EG.USE.ELEC.KH.PC,Suriname,SUR,3314.58027325888,3630.60967565701,3596.77772094427
Electric power consumption (kWh per capita),EG.USE.ELEC.KH.PC,Eswatini,SWZ,..,..,..
Electric power consumption (kWh per capita),EG.USE.ELEC.KH.PC,Sweden,SWE,14289.5950931227,13870.3899085651,13480.148224391
Electric power consumption (kWh per capita),EG.USE.ELEC.KH.PC,Switzerland,CHE,7886.09430625342,7807.05881538508,7520.16602494502
Electric power consumption (kWh per capita),EG.USE.ELEC.KH.PC,Syrian Arab Republic,SYR,1363.67587571428,1068.56143863183,974.317139133449
Electric power consumption (kWh per capita),EG.USE.ELEC.KH.PC,Tajikistan,TJK,1761.05277126441,1692.72841442478,1499.48508590929
Electric power consumption (kWh per capita),EG.USE.ELEC.KH.PC,Tanzania,TZA,97.8056821275801,100.242839309532,103.683315765216
Electric power consumption (kWh per capita),EG.USE.ELEC.KH.PC,Thailand,THA,2443.61555922326,2514.7590412321,2538.79638035364
Electric power consumption (kWh per capita),EG.USE.ELEC.KH.PC,Timor-Leste,TLS,..,..,..
Electric power consumption (kWh per capita),EG.USE.ELEC.KH.PC,Togo,TGO,144.379667150245,144.362369101507,154.665237320778
Electric power consumption (kWh per capita),EG.USE.ELEC.KH.PC,Tonga,TON,..,..,..
Electric power consumption (kWh per capita),EG.USE.ELEC.KH.PC,Trinidad and Tobago,TTO,6612.79564431443,6848.63706877447,7092.93261163496
Electric power consumption (kWh per capita),EG.USE.ELEC.KH.PC,Tunisia,TUN,1408.86855188189,1425.91708846319,1454.64228662211
Electric power consumption (kWh per capita),EG.USE.ELEC.KH.PC,Turkey,TUR,2768.97051285912,2755.51108802743,2847.12638262318
Electric power consumption (kWh per capita),EG.USE.ELEC.KH.PC,Turkmenistan,TKM,2428.86159570227,2540.82131792877,2678.76351364206
Electric power consumption (kWh per capita),EG.USE.ELEC.KH.PC,Turks and Caicos Islands,TCA,..,..,..
Electric power consumption (kWh per capita),EG.USE.ELEC.KH.PC,Tuvalu,TUV,..,..,..
Electric power consumption (kWh per capita),EG.USE.ELEC.KH.PC,Uganda,UGA,..,..,..
Electric power consumption (kWh per capita),EG.USE.ELEC.KH.PC,Ukraine,UKR,3640.55683620181,3600.22950300728,3418.58502352461
Electric power consumption (kWh per capita),EG.USE.ELEC.KH.PC,United Arab Emirates,ARE,10416.0148840531,10724.5015443726,11088.3502863794
Electric power consumption (kWh per capita),EG.USE.ELEC.KH.PC,United Kingdom,GBR,5449.25220132401,5409.63038646976,5129.5277927902
Electric power consumption (kWh per capita),EG.USE.ELEC.KH.PC,United States,USA,12964.3301891078,13004.1149096791,12993.9618247727
Electric power consumption (kWh per capita),EG.USE.ELEC.KH.PC,Uruguay,URY,2946.4565279283,3001.38164457304,3085.1944193006
Electric power consumption (kWh per capita),EG.USE.ELEC.KH.PC,Uzbekistan,UZB,1610.80790609414,1637.19447677494,1645.44162925056
Electric power consumption (kWh per capita),EG.USE.ELEC.KH.PC,Vanuatu,VUT,..,..,..
Electric power consumption (kWh per capita),EG.USE.ELEC.KH.PC,"Venezuela, RB",VEN,3304.22029851802,3298.7313710636,2718.94277456043
Electric power consumption (kWh per capita),EG.USE.ELEC.KH.PC,Vietnam,VNM,1206.30289448443,1276.84371127972,1423.68834535005
Electric power consumption (kWh per capita),EG.USE.ELEC.KH.PC,Virgin Islands (U.S.),VIR,..,..,..
Electric power consumption (kWh per capita),EG.USE.ELEC.KH.PC,West Bank and Gaza,PSE,..,..,..
Electric power consumption (kWh per capita),EG.USE.ELEC.KH.PC,"Yemen, Rep.",YEM,193.804008617107,250.963241937672,219.799922434946
Electric power consumption (kWh per capita),EG.USE.ELEC.KH.PC,Zambia,ZMB,733.211979353647,747.060396727861,717.349167873017
Electric power consumption (kWh per capita),EG.USE.ELEC.KH.PC,Zimbabwe,ZWE,608.762504926562,628.747278349731,609.125952099707
Electric power consumption (kWh per capita),EG.USE.ELEC.KH.PC,Central Europe and the Baltics,CEB,4093.45935709746,4075.34293001873,4115.63020118839
Electric power consumption (kWh per capita),EG.USE.ELEC.KH.PC,East Asia & Pacific,EAS,3391.49706091463,3580.93618519409,3677.51159792769
Electric power consumption (kWh per capita),EG.USE.ELEC.KH.PC,Europe & Central Asia,ECS,5521.65483693611,5459.37612158036,5372.23138200219
Electric power consumption (kWh per capita),EG.USE.ELEC.KH.PC,European Union,EUU,6147.32164543251,6065.65331464584,5908.35950602284
Electric power consumption (kWh per capita),EG.USE.ELEC.KH.PC,Latin America & Caribbean,LCN,2129.08610346592,2150.57469437775,2155.7026755269
Electric power consumption (kWh per capita),EG.USE.ELEC.KH.PC,Middle East & North Africa,MEA,2750.65537435044,2799.4665805773,2895.90072035725
Electric power consumption (kWh per capita),EG.USE.ELEC.KH.PC,North America,NAC,13200.5754407691,13278.5412009838,13253.8180240735
Electric power consumption (kWh per capita),EG.USE.ELEC.KH.PC,Pacific island small states,PSS,..,..,..
Electric power consumption (kWh per capita),EG.USE.ELEC.KH.PC,South Asia,SAS,637.222116829657,673.899036725956,705.318435392212
Electric power consumption (kWh per capita),EG.USE.ELEC.KH.PC,Sub-Saharan Africa,SSF,494.783639548136,489.628856311059,484.042526104101
Electric power consumption (kWh per capita),EG.USE.ELEC.KH.PC,World,WLD,3048.47696936922,3108.72640964473,3130.70968393647
,,,,,,
,,,,,,
,,,,,,
Data from database: World Development Indicators,,,,,,
Last Updated: 10/28/2019,,,,,,
